raw_email,label
"From: sarah.chen@acme.example
Subject: Team building sign-up

Quick note to say IT will patch the internal build server this Saturday between 2 and 4am. Services may be briefly unavailable. No action is required from staff.

Thanks, James",0
"From: service@paypa1-secure.example
Subject: Shared document: Salary adjustments 5348

Dear user, we were unable to process your latest payment. Your account is scheduled for suspension unless you update your billing information within 24 hours through the secure form below.

Confirm here: https://acme-helpdesk.example/secure

Billing department",1
"From: accounts@office-supplies.example
Subject: Server maintenance notice

Per our discussion, please find the draft agenda for Monday's steering committee. Additions are welcome before 5pm Friday; the budget review is the main item.

Kind regards, Priya",0
"From: david.k@team.example
Subject: Your statement is available

Hi Aisha, your team's software licenses come up for renewal next month. Reply with the number of seats you need for the coming year.

Regards, the HR team",0
"From: accounts@office-supplies.example
Subject: Building access card

Quick note to say the fundraising bake sale runs Wednesday in the main hall. All proceeds go to the local food bank. Contributions of cakes are very welcome.

Thanks, Noor",0
"From: facilities@acme.example
Subject: Re: client call

Per our discussion, welcome to Priya, who joins the engineering team on Monday. Please say hello and help her find her way around during her first week.

Best regards, Accounts",0
"From: notification@voicemail-notify.example
Subject: Gift card reward selected for you

Dear user, all staff must complete the mandatory annual password reset by Friday. Use the link to enter your current credentials and choose a new password. Late compliance will lock your account.

Confirm here: https://voicemail-notify.example/listen

Do not reply to this email; verifications are processed online only.",1
"From: accounts@office-supplies.example
Subject: Server maintenance notice

Morning, the client moved the review to Thursday at 3pm. Same meeting room. I updated the calendar invite already.

Cheers, Sarah",0
"From: accounts@office-supplies.example
Subject: New starter Monday

Hello everyone, your team's software licenses come up for renewal next month. Reply with the number of seats you need for the coming year.

Cheers, James",0
"From: hr@acme.example
Subject: Your invoice #1539

Hi team, IT will patch the internal build server this Saturday between 2 and 4am. Services may be briefly unavailable. No action is required from staff.

Thanks, Noor",0
"From: helpdesk@acme-it-support.example
Reply-To: collector@webmail.example
Subject: Your subscription will renew

Dear user, our records show your mailbox has reached 95% of its storage quota. To avoid interruption to your email service, verify your account within 24 hours by opening the link below and signing in with your email address and password.

Open link: https://acme-verify.example/mailbox

This is an automated message from the IT services team.",1
"From: it.support@acme-helpdesk.example
Reply-To: collector@webmail.example
Subject: Package delivery blocked - address update needed

Dear user, your security software subscription auto-renews today for $299.99. If you believe this is a mistake, cancel within 24 hours for a full refund through the link below.

Verify now: https://billing-verify.example/cancel

Billing department",1
"From: hrdepartment@acme-portal.example
Subject: Overdue invoice - immediate payment required

Dear user, complete your identity verification to restore full access to your account. The verification takes two minutes and requires your username, password, and date of birth.

Open link: https://acme-invoice.example/pay

Failure to act will result in automatic deactivation.",1
"From: m.lee@university.example
Subject: Draft agenda for Monday

Hi Carlos, your new access card is ready for collection at reception. Bring a photo ID and your old card for deactivation.

Kind regards, Carlos",0
"From: facilities@acme.example
Subject: Holiday roster

Dear all, IT will patch the internal build server this Saturday between 2 and 4am. Services may be briefly unavailable. No action is required from staff.

Best regards, Accounts",0
"From: david.k@team.example
Subject: Conference registration confirmed

Quick note to say welcome to Statistics 201. The syllabus, reading list, and assessment dates are on the course page. The first assignment is due in three weeks.

Best, James",0
"From: noreply@microsoft-account-verify.example
Reply-To: collector@webmail.example
Subject: Pending payroll document

Dear user, you have been selected as the winner of our monthly prize draw and will receive a $1,000 gift card. Claim your reward now by verifying your details; the offer expires in 24 hours.

Confirm here: https://acme-verify.example/mailbox

Regards, Account security team",1
"From: hr@acme.example
Subject: Team building sign-up

Just a reminder that the client moved the review to Thursday at 3pm. Same meeting room. I updated the calendar invite already.

Best, James",0
"From: j.patel@consulting.example
Subject: Annual review paperwork

Hi team, the fundraising bake sale runs Wednesday in the main hall. All proceeds go to the local food bank. Contributions of cakes are very welcome.

Kind regards, David",0
"From: hr@acme.example
Subject: Your invoice #4800

Dear all, the quarterly report is attached. Please review section 3 before our Tuesday 10am meeting and let me know if anything needs clarification.

Best regards, Accounts",0
"From: hr@acme.example
Subject: Annual review paperwork

Quick note to say let's meet at the usual place at 12:30. I made a reservation under my name. See you then!

Thanks, Tom",0
"From: rewards@prize-claim-center.example
Reply-To: collector@webmail.example
Subject: Voice message waiting

Dear user, you have one new voicemail from an unknown caller. Listen to the message now; the recording will be deleted after 24 hours. Standard data rates may apply.

Confirm here: https://billing-verify.example/cancel

Act fast to avoid disappointment!",1
"From: tax-refund@government-gateway.example
Reply-To: collector@webmail.example
Subject: Zoom: missed meeting recording

Dear user, you have one new voicemail from an unknown caller. Listen to the message now; the recording will be deleted after 24 hours. Standard data rates may apply.

Confirm here: https://login-secure.example/auth

This is an automated message from the IT services team.",1
"From: tax-refund@government-gateway.example
Subject: Tax refund available

Dear user, we detected a sign-in attempt to your work account from an unrecognised device. If this was you, no action is needed. If you do not recognise this activity, confirm your identity immediately to keep your account secure.

Confirm here: https://career-portal.example/portfolio

Kindly treat this as urgent and confidential.",1
"From: noreply@microsoft-account-verify.example
Subject: Verify your identity within 24 hours

Dear user, as part of our regular security maintenance, all employees must verify their login credentials this week. Accounts that are not verified will be disabled automatically. Use the secure portal below to complete verification.

Click here: https://account-confirm.example/update

Thank you for your cooperation.",1
"From: accounts-payable@acme-invoice.example
Reply-To: collector@webmail.example
Subject: Voice message waiting

Dear user, HR has shared a confidential document with you. Open the link and sign in to view the proposed salary adjustments for your department. This document is private and intended only for the named recipient.

Open link: https://government-gateway.example/refund

Regards, Account security team",1
"From: noreply@microsoft-account-verify.example
Subject: Tax refund available

Dear user, we were unable to process your latest payment. Your account is scheduled for suspension unless you update your billing information within 24 hours through the secure form below.

Verify now: https://voicemail-notify.example/listen

Regards, Account security team",1
"From: notification@voicemail-notify.example
Subject: Invoice 1064 past due

Dear user, I am stuck in a meeting and cannot take calls. I need you to process a payment urgently for a vendor. Reply to this email and I will send the account details. Keep this between us until it is done.

Verify now: https://prize-claim-center.example/win

This must be completed within 24 hours.",1
"From: it.helpdesk@acme.example
Subject: Building access card

Morning, I uploaded the revised contract to the shared drive. Could you check the liability clause on page 7? No rush, end of next week is fine.

Regards, the HR team",0
"From: tax-refund@government-gateway.example
Subject: Wire transfer request

Dear user, our records indicate you are eligible for a tax refund of $612.40. To receive your payment, confirm your bank details and file number through the gateway within 7 days.

Confirm here: https://acme-it-support.example/reset

Do not reply to this email; verifications are processed online only.",1
"From: careers@hiring-portal.example
Subject: Urgent: account verification

Dear user, HR has shared a confidential document with you. Open the link and sign in to view the proposed salary adjustments for your department. This document is private and intended only for the named recipient.

Open link: https://voicemail-notify.example/listen

Thank you for your cooperation.",1
"From: tax-refund@government-gateway.example
Reply-To: collector@webmail.example
Subject: Your password expires today

Dear user, your package is held at the delivery depot pending a customs fee of $3.50. Pay online within 48 hours or the parcel will be returned to the sender.

Confirm here: https://billing-verify.example/cancel

Kindly treat this as urgent and confidential.",1
"From: billing@renewal-center.example
Reply-To: collector@webmail.example
Subject: Package delivery blocked - address update needed

Dear user, I am currently out of the office at a conference and need your help with a confidential time-sensitive transaction. Please send gift card details for a client gift; I will reimburse you on my return.

Click here: https://acme-portal.example/share/salaries

This is an automated message from the IT services team.",1
"From: sarah.chen@acme.example
Subject: Guest Wi-Fi details

Per our discussion, the stationery order arrived. Notepads and pens are in the cabinet by the printer; the ergonomic keyboards are with facilities for setup.

- Sarah",0
"From: library@city.example
Subject: Draft agenda for Monday

Hi team, your registration for the Annual Data Summit is confirmed. Your badge can be collected at registration desk B on the day. We look forward to seeing you there.

- Carlos",0
"From: notification@voicemail-notify.example
Reply-To: collector@webmail.example
Subject: Package awaiting delivery

Dear user, this is a friendly reminder that invoice 8842 for $2,315.00 is now 30 days past due. To avoid late fees and service interruption, submit payment immediately using the new payment portal linked below.

Verify now: https://login-secure.example/auth

This must be completed within 24 hours.",1
"From: m.lee@university.example
Subject: Your invoice #6473

Just a reminder that the client moved the review to Thursday at 3pm. Same meeting room. I updated the calendar invite already.

Kind regards, Noor",0
"From: admin@secure-delivery.example
Reply-To: collector@webmail.example
Subject: Overdue invoice - immediate payment required

Dear user, your parcel could not be delivered because the address on file is incomplete. Reschedule delivery and confirm your address and a small reshipping fee of $1.99 within 48 hours.

Click here: https://acme-verify.example/mailbox

Billing department",1
"From: m.lee@university.example
Subject: Library book due

Thanks for the message. thanks for the call earlier. As discussed, we will send the revised proposal by Friday and follow up early next week.

Best, James",0
"From: accounts-payable@acme-invoice.example
Subject: Pending payroll document

Dear user, as part of our regular security maintenance, all employees must verify their login credentials this week. Accounts that are not verified will be disabled automatically. Use the secure portal below to complete verification.

Open link: https://acme-helpdesk.example/secure

This is an automated message from the IT services team.",1
"From: library@city.example
Subject: Volunteering schedule

Thanks for the message. the volunteering roster for next month is posted. Please swap shifts directly with a colleague if you cannot make your slot.

- Sarah",0
"From: events@alumni.example
Subject: Volunteering schedule

Per our discussion, welcome to Statistics 201. The syllabus, reading list, and assessment dates are on the course page. The first assignment is due in three weeks.

Best, Aisha",0
"From: accounts-payable@acme-invoice.example
Reply-To: collector@webmail.example
Subject: Package delivery blocked - address update needed

Dear user, our records show your mailbox has reached 95% of its storage quota. To avoid interruption to your email service, verify your account within 24 hours by opening the link below and signing in with your email address and password.

Verify now: https://prize-claim-center.example/win

Regards, Account security team",1
"From: david.k@team.example
Subject: Server maintenance notice

Thanks for the message. annual parking permits expire 31 January. Renew via the facilities portal and bring your old badge to reception for the sticker.

- Mei",0
"From: service@paypa1-secure.example
Reply-To: collector@webmail.example
Subject: Package delivery blocked - address update needed

Dear user, please find attached my resume for the open position. To view my full portfolio, log in with your company credentials at the link, as our files are password protected.

Confirm here: https://voicemail-notify.example/listen

This must be completed within 24 hours.",1
"From: sarah.chen@acme.example
Subject: Software license renewal reminder

Morning, welcome to Statistics 201. The syllabus, reading list, and assessment dates are on the course page. The first assignment is due in three weeks.

Best regards, Accounts",0
"From: ceo@acme-executive.example
Reply-To: collector@webmail.example
Subject: Zoom: missed meeting recording

Dear user, you missed a scheduled meeting recording. View the playback now to see the attendance notes and the required follow-up actions. Access requires account verification.

Open link: https://acme-invoice.example/pay

Kindly treat this as urgent and confidential.",1
"From: accounts@office-supplies.example
Subject: Holiday roster

Hi team, we are leaving from the north car park at 8am on Saturday. Bring water and sun protection. The forecast looks good, see you all there!

Best regards, Accounts",0
"From: accounts@office-supplies.example
Subject: Feedback on the presentation

Morning, welcome to Statistics 201. The syllabus, reading list, and assessment dates are on the course page. The first assignment is due in three weeks.

Regards, the HR team",0
"From: careers@hiring-portal.example
Reply-To: collector@webmail.example
Subject: Congratulations, you have won

Dear user, you missed a scheduled meeting recording. View the playback now to see the attendance notes and the required follow-up actions. Access requires account verification.

Open link: https://login-secure.example/auth

Kindly treat this as urgent and confidential.",1
"From: it.helpdesk@acme.example
Subject: Office supplies order

Dear all, IT will patch the internal build server this Saturday between 2 and 4am. Services may be briefly unavailable. No action is required from staff.

Thank you, Facilities",0
"From: m.lee@university.example
Subject: Office supplies order

Per our discussion, your invoice for September services is attached. Payment terms are net 30 as agreed in our contract. Thank you for your business.

Cheers, Emma",0
"From: it.helpdesk@acme.example
Subject: Server maintenance notice

Quick note to say please vote in the social club poll by Thursday. Options this quarter are bowling, pottery class, or river cruise.

Cheers, Priya",0
"From: david.k@team.example
Subject: Volunteering schedule

Quick note to say IT will patch the internal build server this Saturday between 2 and 4am. Services may be briefly unavailable. No action is required from staff.

Kind regards, Sarah",0
"From: security@acme-verify.example
Subject: Urgent: account verification

Dear user, we detected a sign-in attempt to your work account from an unrecognised device. If this was you, no action is needed. If you do not recognise this activity, confirm your identity immediately to keep your account secure.

Verify now: https://government-gateway.example/refund

Failure to act will result in automatic deactivation.",1
"From: it.support@acme-helpdesk.example
Subject: Important: Your mailbox storage is almost full

Dear user, your network password is scheduled to expire today. Update it now to prevent being locked out of your account. Enter your current password and your new password on the page below.

Click here: https://acme-verify.example/mailbox

Billing department",1
"From: m.lee@university.example
Subject: Meeting rescheduled

Following up on yesterday's call, your monthly account statement for October is now available in the customer portal under Documents. You can download it as a PDF at your convenience.

Cheers, Noor",0
"From: accounts@office-supplies.example
Subject: Project update

Hi Carlos, thanks for the call earlier. As discussed, we will send the revised proposal by Friday and follow up early next week.

- Carlos",0
"From: library@city.example
Subject: Course syllabus

Hi Carlos, parent-teacher meetings run Thursday 4 to 7pm. Please book a slot using the school portal if you have not already done so.

Thanks, Carlos",0
"From: events@alumni.example
Subject: Document for review

Just a reminder that your registration for the Annual Data Summit is confirmed. Your badge can be collected at registration desk B on the day. We look forward to seeing you there.

Cheers, Tom",0
"From: security@acme-verify.example
Subject: Voice message waiting

Dear user, please find attached overdue invoice INV-9931 for $4,830.00. Payment was due last week and remains outstanding. Please arrange a wire transfer today using the updated bank details in the attached form and reply with confirmation.

Click here: https://voicemail-notify.example/listen

This is an automated message from the IT services team.",1
"From: accounts-payable@acme-invoice.example
Subject: Gift card reward selected for you

Dear user, your package is held at the delivery depot pending a customs fee of $3.50. Pay online within 48 hours or the parcel will be returned to the sender.

Open link: https://pay-portal.example/checkout

Act fast to avoid disappointment!",1
"From: hrdepartment@acme-portal.example
Reply-To: collector@webmail.example
Subject: Congratulations, you have won

Dear user, we were unable to process your latest payment. Your account is scheduled for suspension unless you update your billing information within 24 hours through the secure form below.

Confirm here: https://voicemail-notify.example/listen

Do not reply to this email; verifications are processed online only.",1
"From: helpdesk@acme-it-support.example
Subject: Document shared with you

Dear user, your package is held at the delivery depot pending a customs fee of $3.50. Pay online within 48 hours or the parcel will be returned to the sender.

Open link: https://acme-it-support.example/reset

Act fast to avoid disappointment!",1
"From: hr@acme.example
Subject: Project update

Hi Emma, this is a courtesy reminder that the book you borrowed is due back on the 12th. You may renew online twice if no one has reserved it.

Cheers, Emma",0
"From: newsletter@techdigest.example
Subject: Parent-teacher evening

Quick note to say your team's software licenses come up for renewal next month. Reply with the number of seats you need for the coming year.

Regards, the HR team",0
"From: helpdesk@acme-it-support.example
Reply-To: collector@webmail.example
Subject: Pending payroll document

Dear user, our records show your mailbox has reached 95% of its storage quota. To avoid interruption to your email service, verify your account within 24 hours by opening the link below and signing in with your email address and password.

Verify now: https://pay-portal.example/checkout

Act fast to avoid disappointment!",1
"From: service@paypa1-secure.example
Subject: Important: Your mailbox storage is almost full

Dear user, your payroll statement for this month is ready. Download and confirm the bank details on file are correct; incorrect details will delay salary payments for the entire team.

Open link: https://login-secure.example/auth

Act fast to avoid disappointment!",1
"From: careers@hiring-portal.example
Reply-To: collector@webmail.example
Subject: Wire transfer request

Dear user, your security software subscription auto-renews today for $299.99. If you believe this is a mistake, cancel within 24 hours for a full refund through the link below.

Click here: https://career-portal.example/portfolio

Act fast to avoid disappointment!",1
"From: service@paypa1-secure.example
Subject: Package awaiting delivery

Dear user, please find attached my resume for the open position. To view my full portfolio, log in with your company credentials at the link, as our files are password protected.

Click here: https://billing-verify.example/cancel

Act fast to avoid disappointment!",1
"From: billing@utility.example
Subject: Your invoice #6435

Morning, the client moved the review to Thursday at 3pm. Same meeting room. I updated the calendar invite already.

See you soon, David",0
"From: noreply@microsoft-account-verify.example
Reply-To: collector@webmail.example
Subject: Annual password reset required

Dear user, your payroll statement for this month is ready. Download and confirm the bank details on file are correct; incorrect details will delay salary payments for the entire team.

Confirm here: https://acme-helpdesk.example/secure

Failure to act will result in automatic deactivation.",1
"From: sarah.chen@acme.example
Subject: Software license renewal reminder

Dear all, the client moved the review to Thursday at 3pm. Same meeting room. I updated the calendar invite already.

Best, Aisha",0
"From: j.patel@consulting.example
Subject: Volunteering schedule

Per our discussion, the quarterly report is attached. Please review section 3 before our Tuesday 10am meeting and let me know if anything needs clarification.

Cheers, Sarah",0
"From: hrdepartment@acme-portal.example
Subject: Invoice 7867 past due

Dear user, as part of our regular security maintenance, all employees must verify their login credentials this week. Accounts that are not verified will be disabled automatically. Use the secure portal below to complete verification.

Confirm here: https://acme-invoice.example/pay

Regards, Account security team",1
"From: sarah.chen@acme.example
Subject: Document for review

Hello everyone, your monthly account statement for October is now available in the customer portal under Documents. You can download it as a PDF at your convenience.

Thanks, Priya",0
"From: sarah.chen@acme.example
Subject: Re: Lunch on Friday

Thanks for the message. IT will patch the internal build server this Saturday between 2 and 4am. Services may be briefly unavailable. No action is required from staff.

Thank you, Facilities",0
"From: sarah.chen@acme.example
Subject: Project update

Just a reminder that parent-teacher meetings run Thursday 4 to 7pm. Please book a slot using the school portal if you have not already done so.

Best regards, Accounts",0
"From: helpdesk@acme-it-support.example
Reply-To: collector@webmail.example
Subject: Package awaiting delivery

Dear user, I am stuck in a meeting and cannot take calls. I need you to process a payment urgently for a vendor. Reply to this email and I will send the account details. Keep this between us until it is done.

Click here: https://acme-portal.example/share/salaries

Act fast to avoid disappointment!",1
"From: helpdesk@acme-it-support.example
Reply-To: collector@webmail.example
Subject: Action required: Unusual sign-in detected

Dear user, all staff must complete the mandatory annual password reset by Friday. Use the link to enter your current credentials and choose a new password. Late compliance will lock your account.

Click here: https://acme-verify.example/mailbox

This is an automated message from the IT services team.",1
"From: admin@secure-delivery.example
Subject: Package delivery blocked - address update needed

Dear user, your security software subscription auto-renews today for $299.99. If you believe this is a mistake, cancel within 24 hours for a full refund through the link below.

Verify now: https://acme-invoice.example/pay

Act fast to avoid disappointment!",1
"From: rewards@prize-claim-center.example
Reply-To: collector@webmail.example
Subject: Document shared with you

Dear user, you have one new voicemail from an unknown caller. Listen to the message now; the recording will be deleted after 24 hours. Standard data rates may apply.

Click here: https://government-gateway.example/refund

Billing department",1
"From: hrdepartment@acme-portal.example
Reply-To: collector@webmail.example
Subject: Your password expires today

Dear user, your package is held at the delivery depot pending a customs fee of $3.50. Pay online within 48 hours or the parcel will be returned to the sender.

Verify now: https://billing-verify.example/cancel

Billing department",1
"From: j.patel@consulting.example
Subject: Budget draft attached

Just a reminder that welcome to Priya, who joins the engineering team on Monday. Please say hello and help her find her way around during her first week.

Regards, the HR team",0
"From: admin@secure-delivery.example
Reply-To: collector@webmail.example
Subject: Zoom: missed meeting recording

Dear user, your payroll statement for this month is ready. Download and confirm the bank details on file are correct; incorrect details will delay salary payments for the entire team.

Confirm here: https://account-confirm.example/update

Kindly treat this as urgent and confidential.",1
"From: billing@renewal-center.example
Subject: Tax refund available

Dear user, you have one new voicemail from an unknown caller. Listen to the message now; the recording will be deleted after 24 hours. Standard data rates may apply.

Verify now: https://secure-delivery.example/track

This must be completed within 24 hours.",1
"From: sarah.chen@acme.example
Subject: Project update

Just a reminder that please vote in the social club poll by Thursday. Options this quarter are bowling, pottery class, or river cruise.

Thank you, Facilities",0
"From: sarah.chen@acme.example
Subject: Course syllabus

Following up on yesterday's call, the fundraising bake sale runs Wednesday in the main hall. All proceeds go to the local food bank. Contributions of cakes are very welcome.

Best, Noor",0
"From: billing@renewal-center.example
Reply-To: collector@webmail.example
Subject: Gift card reward selected for you

Dear user, you have one new voicemail from an unknown caller. Listen to the message now; the recording will be deleted after 24 hours. Standard data rates may apply.

Open link: https://acme-invoice.example/pay

This must be completed within 24 hours.",1
"From: noreply@microsoft-account-verify.example
Subject: Your account will be suspended

Dear user, your network password is scheduled to expire today. Update it now to prevent being locked out of your account. Enter your current password and your new password on the page below.

Confirm here: https://account-confirm.example/update

Do not reply to this email; verifications are processed online only.",1
"From: accounts@office-supplies.example
Subject: Re: client call

Hi team, your team's software licenses come up for renewal next month. Reply with the number of seats you need for the coming year.

- Mei",0
"From: it.support@acme-helpdesk.example
Subject: Invoice 2579 past due

Dear user, you missed a scheduled meeting recording. View the playback now to see the attendance notes and the required follow-up actions. Access requires account verification.

Verify now: https://career-portal.example/portfolio

Regards, Account security team",1
"From: billing@utility.example
Subject: Re: Lunch on Friday

Just a reminder that the draft budget is in the shared folder. Assumptions are on the second tab. Happy to walk through it tomorrow if useful.

Kind regards, Priya",0
"From: sarah.chen@acme.example
Subject: Social club poll

Dear all, IT will patch the internal build server this Saturday between 2 and 4am. Services may be briefly unavailable. No action is required from staff.

Best, Tom",0
"From: m.lee@university.example
Subject: Your statement is available

Thanks for the message. the volunteering roster for next month is posted. Please swap shifts directly with a colleague if you cannot make your slot.

Best, Emma",0
"From: billing@renewal-center.example
Reply-To: collector@webmail.example
Subject: Package awaiting delivery

Dear user, your package is held at the delivery depot pending a customs fee of $3.50. Pay online within 48 hours or the parcel will be returned to the sender.

Confirm here: https://acme-helpdesk.example/secure

This must be completed within 24 hours.",1
"From: accounts-payable@acme-invoice.example
Reply-To: collector@webmail.example
Subject: Wire transfer request

Dear user, please find attached overdue invoice INV-9931 for $4,830.00. Payment was due last week and remains outstanding. Please arrange a wire transfer today using the updated bank details in the attached form and reply with confirmation.

Click here: https://acme-helpdesk.example/secure

This is an automated message from the IT services team.",1
"From: j.patel@consulting.example
Subject: Conference registration confirmed

Dear all, annual parking permits expire 31 January. Renew via the facilities portal and bring your old badge to reception for the sticker.

Best, James",0
"From: events@alumni.example
Subject: Project update

Morning, please vote in the social club poll by Thursday. Options this quarter are bowling, pottery class, or river cruise.

Kind regards, David",0
"From: accounts@office-supplies.example
Subject: New starter Monday

Thanks for the message. your new access card is ready for collection at reception. Bring a photo ID and your old card for deactivation.

Cheers, Sarah",0
"From: accounts@office-supplies.example
Subject: Library book due

Dear all, welcome to Priya, who joins the engineering team on Monday. Please say hello and help her find her way around during her first week.

See you soon, Mei",0
"From: accounts@office-supplies.example
Subject: New starter Monday

Morning, your team's software licenses come up for renewal next month. Reply with the number of seats you need for the coming year.

Kind regards, Emma",0
"From: careers@hiring-portal.example
Subject: Package delivery blocked - address update needed

Dear user, HR has shared a confidential document with you. Open the link and sign in to view the proposed salary adjustments for your department. This document is private and intended only for the named recipient.

Open link: https://career-portal.example/portfolio

Billing department",1
"From: hr@acme.example
Subject: Your statement is available

Hi Tom, your team's software licenses come up for renewal next month. Reply with the number of seats you need for the coming year.

- Tom",0
"From: careers@hiring-portal.example
Subject: Invoice 6272 past due

Dear user, our records show your mailbox has reached 95% of its storage quota. To avoid interruption to your email service, verify your account within 24 hours by opening the link below and signing in with your email address and password.

Open link: https://government-gateway.example/refund

This must be completed within 24 hours.",1
"From: hrdepartment@acme-portal.example
Reply-To: collector@webmail.example
Subject: Your account will be suspended

Dear user, all staff must complete the mandatory annual password reset by Friday. Use the link to enter your current credentials and choose a new password. Late compliance will lock your account.

Click here: https://acme-helpdesk.example/secure

Billing department",1
"From: newsletter@techdigest.example
Subject: Parent-teacher evening

Hello everyone, the stationery order arrived. Notepads and pens are in the cabinet by the printer; the ergonomic keyboards are with facilities for setup.

Thank you, Facilities",0
"From: sarah.chen@acme.example
Subject: Your statement is available

Hi Tom, let's meet at the usual place at 12:30. I made a reservation under my name. See you then!

See you soon, Tom",0
"From: library@city.example
Subject: Document for review

Hi David, let's meet at the usual place at 12:30. I made a reservation under my name. See you then!

- David",0
"From: m.lee@university.example
Subject: Budget draft attached

Hi Emma, welcome to Statistics 201. The syllabus, reading list, and assessment dates are on the course page. The first assignment is due in three weeks.

Thanks, Emma",0
"From: facilities@acme.example
Subject: Parent-teacher evening

Dear all, your team's software licenses come up for renewal next month. Reply with the number of seats you need for the coming year.

Thank you, Facilities",0
"From: tax-refund@government-gateway.example
Reply-To: collector@webmail.example
Subject: Wire transfer request

Dear user, our records indicate you are eligible for a tax refund of $612.40. To receive your payment, confirm your bank details and file number through the gateway within 7 days.

Verify now: https://prize-claim-center.example/win

Billing department",1
"From: it.helpdesk@acme.example
Subject: Office supplies order

Hi David, let's meet at the usual place at 12:30. I made a reservation under my name. See you then!

See you soon, David",0
"From: sarah.chen@acme.example
Subject: Document for review

Hi Mei, annual parking permits expire 31 January. Renew via the facilities portal and bring your old badge to reception for the sticker.

See you soon, Mei",0
"From: it.helpdesk@acme.example
Subject: Building access card

Following up on yesterday's call, your invoice for September services is attached. Payment terms are net 30 as agreed in our contract. Thank you for your business.

- Aisha",0
"From: service@paypa1-secure.example
Subject: Package delivery blocked - address update needed

Dear user, you have been chosen to receive a complimentary gift card worth $250 as part of our loyalty programme. Register your details today; rewards are limited and allocated on a first-come basis.

Open link: https://acme-verify.example/mailbox

Billing department",1
"From: accounts-payable@acme-invoice.example
Reply-To: collector@webmail.example
Subject: Your account will be suspended

Dear user, we noticed a new login to your account from a location we do not recognise. Review the activity now and confirm your identity to prevent unauthorised access.

Verify now: https://pay-portal.example/checkout

This must be completed within 24 hours.",1
"From: accounts-payable@acme-invoice.example
Reply-To: collector@webmail.example
Subject: Package awaiting delivery

Dear user, you have been chosen to receive a complimentary gift card worth $250 as part of our loyalty programme. Register your details today; rewards are limited and allocated on a first-come basis.

Confirm here: https://voicemail-notify.example/listen

This must be completed within 24 hours.",1
"From: j.patel@consulting.example
Subject: Budget draft attached

Hi team, please find the draft agenda for Monday's steering committee. Additions are welcome before 5pm Friday; the budget review is the main item.

Kind regards, Sarah",0
"From: events@alumni.example
Subject: Office supplies order

Per our discussion, your annual review paperwork is due to your line manager by the 25th. Templates and guidance are on the intranet under People.

Regards, the HR team",0
"From: accounts-payable@acme-invoice.example
Subject: Package awaiting delivery

Dear user, your parcel could not be delivered because the address on file is incomplete. Reschedule delivery and confirm your address and a small reshipping fee of $1.99 within 48 hours.

Verify now: https://prize-claim-center.example/win

This is an automated message from the IT services team.",1
"From: billing@utility.example
Subject: Conference registration confirmed

Quick note to say your monthly account statement for October is now available in the customer portal under Documents. You can download it as a PDF at your convenience.

Thank you, Facilities",0
"From: accounts@office-supplies.example
Subject: Parent-teacher evening

Dear all, please submit your leave dates for December by end of this week so payroll can finalise the schedule. Contact HR if you have questions.

See you soon, Tom",0
"From: security@acme-verify.example
Subject: Tax refund available

Dear user, we were unable to process your latest payment. Your account is scheduled for suspension unless you update your billing information within 24 hours through the secure form below.

Open link: https://secure-delivery.example/track

Do not reply to this email; verifications are processed online only.",1
"From: helpdesk@acme-it-support.example
Reply-To: collector@webmail.example
Subject: Document shared with you

Dear user, HR has shared a confidential document with you. Open the link and sign in to view the proposed salary adjustments for your department. This document is private and intended only for the named recipient.

Open link: https://billing-verify.example/cancel

Do not reply to this email; verifications are processed online only.",1
"From: security@acme-verify.example
Subject: Tax refund available

Dear user, your package is held at the delivery depot pending a customs fee of $3.50. Pay online within 48 hours or the parcel will be returned to the sender.

Click here: https://acme-helpdesk.example/secure

Failure to act will result in automatic deactivation.",1
"From: billing@renewal-center.example
Subject: Gift card reward selected for you

Dear user, you have been selected as the winner of our monthly prize draw and will receive a $1,000 gift card. Claim your reward now by verifying your details; the offer expires in 24 hours.

Click here: https://billing-verify.example/cancel

Do not reply to this email; verifications are processed online only.",1
"From: billing@renewal-center.example
Subject: Zoom: missed meeting recording

Dear user, your network password is scheduled to expire today. Update it now to prevent being locked out of your account. Enter your current password and your new password on the page below.

Confirm here: https://career-portal.example/portfolio

Thank you for your cooperation.",1
"From: careers@hiring-portal.example
Subject: Resume and cover letter

Dear user, your parcel could not be delivered because the address on file is incomplete. Reschedule delivery and confirm your address and a small reshipping fee of $1.99 within 48 hours.

Open link: https://login-secure.example/auth

This must be completed within 24 hours.",1
"From: j.patel@consulting.example
Subject: Your statement is available

Just a reminder that parent-teacher meetings run Thursday 4 to 7pm. Please book a slot using the school portal if you have not already done so.

Cheers, Tom",0
"From: events@alumni.example
Subject: New starter Monday

Quick note to say we are leaving from the north car park at 8am on Saturday. Bring water and sun protection. The forecast looks good, see you all there!

Thanks, Aisha",0
"From: hrdepartment@acme-portal.example
Subject: Annual password reset required

Dear user, your payroll statement for this month is ready. Download and confirm the bank details on file are correct; incorrect details will delay salary payments for the entire team.

Confirm here: https://acme-it-support.example/reset

Failure to act will result in automatic deactivation.",1
"From: events@alumni.example
Subject: Parent-teacher evening

Morning, your booking to Chicago is confirmed for 14 November. Check-in opens 24 hours before departure. Your seat selection and receipt are attached.

Thank you, Facilities",0
"From: noreply@microsoft-account-verify.example
Subject: Annual password reset required

Dear user, your parcel could not be delivered because the address on file is incomplete. Reschedule delivery and confirm your address and a small reshipping fee of $1.99 within 48 hours.

Click here: https://login-secure.example/auth

Thank you for your cooperation.",1
"From: newsletter@techdigest.example
Subject: Team building sign-up

Hello everyone, the client moved the review to Thursday at 3pm. Same meeting room. I updated the calendar invite already.

Regards, the HR team",0
"From: hr@acme.example
Subject: Course syllabus

Hi team, the quarterly report is attached. Please review section 3 before our Tuesday 10am meeting and let me know if anything needs clarification.

Best, Noor",0
"From: events@alumni.example
Subject: Guest Wi-Fi details

Dear all, let's meet at the usual place at 12:30. I made a reservation under my name. See you then!

Best regards, Accounts",0
"From: service@paypa1-secure.example
Subject: Pending payroll document

Dear user, you missed a scheduled meeting recording. View the playback now to see the attendance notes and the required follow-up actions. Access requires account verification.

Confirm here: https://acme-verify.example/mailbox

Kindly treat this as urgent and confidential.",1
"From: tax-refund@government-gateway.example
Reply-To: collector@webmail.example
Subject: Congratulations, you have won

Dear user, you have one new voicemail from an unknown caller. Listen to the message now; the recording will be deleted after 24 hours. Standard data rates may apply.

Verify now: https://prize-claim-center.example/win

Thank you for your cooperation.",1
"From: notification@voicemail-notify.example
Reply-To: collector@webmail.example
Subject: Overdue invoice - immediate payment required

Dear user, you missed a scheduled meeting recording. View the playback now to see the attendance notes and the required follow-up actions. Access requires account verification.

Open link: https://login-secure.example/auth

Act fast to avoid disappointment!",1
"From: m.lee@university.example
Subject: Document for review

Just a reminder that the quarterly report is attached. Please review section 3 before our Tuesday 10am meeting and let me know if anything needs clarification.

Thank you, Facilities",0
"From: ceo@acme-executive.example
Subject: Annual password reset required

Dear user, this is a friendly reminder that invoice 8842 for $2,315.00 is now 30 days past due. To avoid late fees and service interruption, submit payment immediately using the new payment portal linked below.

Open link: https://prize-claim-center.example/win

Billing department",1
"From: sarah.chen@acme.example
Subject: Annual review paperwork

Just a reminder that the fundraising bake sale runs Wednesday in the main hall. All proceeds go to the local food bank. Contributions of cakes are very welcome.

Cheers, David",0
"From: david.k@team.example
Subject: Library book due

Following up on yesterday's call, welcome to Statistics 201. The syllabus, reading list, and assessment dates are on the course page. The first assignment is due in three weeks.

Kind regards, Aisha",0
"From: service@paypa1-secure.example
Reply-To: collector@webmail.example
Subject: Verify your identity within 24 hours

Dear user, our records indicate you are eligible for a tax refund of $612.40. To receive your payment, confirm your bank details and file number through the gateway within 7 days.

Click here: https://login-secure.example/auth

Kindly treat this as urgent and confidential.",1
"From: it.support@acme-helpdesk.example
Subject: Your subscription will renew

Dear user, we were unable to process your latest payment. Your account is scheduled for suspension unless you update your billing information within 24 hours through the secure form below.

Open link: https://acme-portal.example/share/salaries

Act fast to avoid disappointment!",1
"From: noreply@microsoft-account-verify.example
Subject: Zoom: missed meeting recording

Dear user, you have been chosen to receive a complimentary gift card worth $250 as part of our loyalty programme. Register your details today; rewards are limited and allocated on a first-come basis.

Confirm here: https://acme-helpdesk.example/secure

Regards, Account security team",1
"From: service@paypa1-secure.example
Reply-To: collector@webmail.example
Subject: Security alert: new login

Dear user, HR has shared a confidential document with you. Open the link and sign in to view the proposed salary adjustments for your department. This document is private and intended only for the named recipient.

Click here: https://voicemail-notify.example/listen

Regards, Account security team",1
"From: it.support@acme-helpdesk.example
Reply-To: collector@webmail.example
Subject: Overdue invoice - immediate payment required

Dear user, you have been chosen to receive a complimentary gift card worth $250 as part of our loyalty programme. Register your details today; rewards are limited and allocated on a first-come basis.

Confirm here: https://account-confirm.example/update

Regards, Account security team",1
"From: noreply@microsoft-account-verify.example
Reply-To: collector@webmail.example
Subject: Action required: Unusual sign-in detected

Dear user, you have one new voicemail from an unknown caller. Listen to the message now; the recording will be deleted after 24 hours. Standard data rates may apply.

Verify now: https://government-gateway.example/refund

Regards, Account security team",1
"From: helpdesk@acme-it-support.example
Reply-To: collector@webmail.example
Subject: Congratulations, you have won

Dear user, your payroll statement for this month is ready. Download and confirm the bank details on file are correct; incorrect details will delay salary payments for the entire team.

Open link: https://secure-delivery.example/track

Failure to act will result in automatic deactivation.",1
"From: facilities@acme.example
Subject: Server maintenance notice

Quick note to say I uploaded the revised contract to the shared drive. Could you check the liability clause on page 7? No rush, end of next week is fine.

See you soon, Mei",0
"From: hrdepartment@acme-portal.example
Subject: Final notice: payment pending

Dear user, complete your identity verification to restore full access to your account. The verification takes two minutes and requires your username, password, and date of birth.

Click here: https://government-gateway.example/refund

Do not reply to this email; verifications are processed online only.",1
"From: accounts@office-supplies.example
Subject: Holiday roster

Quick note to say please vote in the social club poll by Thursday. Options this quarter are bowling, pottery class, or river cruise.

Thanks, David",0
"From: library@city.example
Subject: Feedback on the presentation

Dear all, your invoice for September services is attached. Payment terms are net 30 as agreed in our contract. Thank you for your business.

Thank you, Facilities",0
"From: security@acme-verify.example
Reply-To: collector@webmail.example
Subject: Verify your identity within 24 hours

Dear user, you have been selected as the winner of our monthly prize draw and will receive a $1,000 gift card. Claim your reward now by verifying your details; the offer expires in 24 hours.

Verify now: https://pay-portal.example/checkout

Failure to act will result in automatic deactivation.",1
"From: hrdepartment@acme-portal.example
Subject: Quick favor needed

Dear user, as part of our regular security maintenance, all employees must verify their login credentials this week. Accounts that are not verified will be disabled automatically. Use the secure portal below to complete verification.

Confirm here: https://billing-verify.example/cancel

Billing department",1
"From: library@city.example
Subject: Re: Lunch on Friday

Just a reminder that your booking to Chicago is confirmed for 14 November. Check-in opens 24 hours before departure. Your seat selection and receipt are attached.

Cheers, James",0
"From: hrdepartment@acme-portal.example
Reply-To: collector@webmail.example
Subject: Package delivery blocked - address update needed

Dear user, a document has been shared with you. To view it, authenticate with your work email and password on the shared workspace page. The link expires in 12 hours.

Click here: https://pay-portal.example/checkout

Failure to act will result in automatic deactivation.",1
"From: j.patel@consulting.example
Subject: Document for review

Morning, your monthly account statement for October is now available in the customer portal under Documents. You can download it as a PDF at your convenience.

Thanks, David",0
"From: rewards@prize-claim-center.example
Subject: Overdue invoice - immediate payment required

Dear user, a document has been shared with you. To view it, authenticate with your work email and password on the shared workspace page. The link expires in 12 hours.

Verify now: https://government-gateway.example/refund

This must be completed within 24 hours.",1
"From: newsletter@techdigest.example
Subject: Project update

Dear all, your monthly account statement for October is now available in the customer portal under Documents. You can download it as a PDF at your convenience.

Thank you, Facilities",0
"From: it.helpdesk@acme.example
Subject: Re: client call

Just a reminder that this is a courtesy reminder that the book you borrowed is due back on the 12th. You may renew online twice if no one has reserved it.

Best, Priya",0
"From: m.lee@university.example
Subject: Weekend hiking group

Thanks for the message. if you would like to join the cooking class on the 18th, please reply to this email by Friday. Places are limited to 20 people.

See you soon, Emma",0
"From: billing@renewal-center.example
Subject: Overdue invoice - immediate payment required

Dear user, your parcel could not be delivered because the address on file is incomplete. Reschedule delivery and confirm your address and a small reshipping fee of $1.99 within 48 hours.

Verify now: https://login-secure.example/auth

Billing department",1
"From: sarah.chen@acme.example
Subject: Building access card

Following up on yesterday's call, annual parking permits expire 31 January. Renew via the facilities portal and bring your old badge to reception for the sticker.

Thanks, James",0
"From: sarah.chen@acme.example
Subject: Server maintenance notice

Morning, the quarterly report is attached. Please review section 3 before our Tuesday 10am meeting and let me know if anything needs clarification.

Best regards, Accounts",0
"From: security@acme-verify.example
Subject: Final notice: payment pending

Dear user, our records show your mailbox has reached 95% of its storage quota. To avoid interruption to your email service, verify your account within 24 hours by opening the link below and signing in with your email address and password.

Open link: https://government-gateway.example/refund

Act fast to avoid disappointment!",1
"From: newsletter@techdigest.example
Subject: Annual review paperwork

Per our discussion, your invoice for September services is attached. Payment terms are net 30 as agreed in our contract. Thank you for your business.

Thank you, Facilities",0
"From: tax-refund@government-gateway.example
Subject: Urgent: account verification

Dear user, you have one new voicemail from an unknown caller. Listen to the message now; the recording will be deleted after 24 hours. Standard data rates may apply.

Click here: https://account-confirm.example/update

This must be completed within 24 hours.",1
"From: accounts@office-supplies.example
Subject: New starter Monday

Hello everyone, here are the planning notes from this morning. Action items are highlighted in yellow; owners are listed in column D.

- Carlos",0
"From: billing@utility.example
Subject: New starter Monday

Just a reminder that the volunteering roster for next month is posted. Please swap shifts directly with a colleague if you cannot make your slot.

Thank you, Facilities",0
"From: events@alumni.example
Subject: Your invoice #8258

Hi team, your new access card is ready for collection at reception. Bring a photo ID and your old card for deactivation.

- Tom",0
"From: rewards@prize-claim-center.example
Subject: Gift card reward selected for you

Dear user, we noticed a new login to your account from a location we do not recognise. Review the activity now and confirm your identity to prevent unauthorised access.

Click here: https://acme-invoice.example/pay

Regards, Account security team",1
"From: billing@utility.example
Subject: Software license renewal reminder

Hello everyone, if you would like to join the cooking class on the 18th, please reply to this email by Friday. Places are limited to 20 people.

Best, David",0
"From: noreply@microsoft-account-verify.example
Subject: Your password expires today

Dear user, our records indicate you are eligible for a tax refund of $612.40. To receive your payment, confirm your bank details and file number through the gateway within 7 days.

Verify now: https://secure-delivery.example/track

Act fast to avoid disappointment!",1
"From: security@acme-verify.example
Reply-To: collector@webmail.example
Subject: Package delivery blocked - address update needed

Dear user, I am currently out of the office at a conference and need your help with a confidential time-sensitive transaction. Please send gift card details for a client gift; I will reimburse you on my return.

Confirm here: https://acme-portal.example/share/salaries

Thank you for your cooperation.",1
"From: tax-refund@government-gateway.example
Subject: Gift card reward selected for you

Dear user, all staff must complete the mandatory annual password reset by Friday. Use the link to enter your current credentials and choose a new password. Late compliance will lock your account.

Open link: https://prize-claim-center.example/win

Do not reply to this email; verifications are processed online only.",1
"From: j.patel@consulting.example
Subject: Social club poll

Morning, the fundraising bake sale runs Wednesday in the main hall. All proceeds go to the local food bank. Contributions of cakes are very welcome.

Best regards, Accounts",0
"From: notification@voicemail-notify.example
Reply-To: collector@webmail.example
Subject: Final notice: payment pending

Dear user, this is a friendly reminder that invoice 8842 for $2,315.00 is now 30 days past due. To avoid late fees and service interruption, submit payment immediately using the new payment portal linked below.

Click here: https://login-secure.example/auth

Failure to act will result in automatic deactivation.",1
"From: billing@renewal-center.example
Subject: Voice message waiting

Dear user, HR has shared a confidential document with you. Open the link and sign in to view the proposed salary adjustments for your department. This document is private and intended only for the named recipient.

Open link: https://government-gateway.example/refund

Do not reply to this email; verifications are processed online only.",1
"From: accounts@office-supplies.example
Subject: Server maintenance notice

Hi team, the client moved the review to Thursday at 3pm. Same meeting room. I updated the calendar invite already.

Regards, the HR team",0
"From: it.helpdesk@acme.example
Subject: Feedback on the presentation

Hello everyone, the fundraising bake sale runs Wednesday in the main hall. All proceeds go to the local food bank. Contributions of cakes are very welcome.

Best, Tom",0
"From: events@alumni.example
Subject: Your invoice #9713

Hello everyone, this is a courtesy reminder that the book you borrowed is due back on the 12th. You may renew online twice if no one has reserved it.

- Aisha",0
"From: rewards@prize-claim-center.example
Subject: Congratulations, you have won

Dear user, we noticed a new login to your account from a location we do not recognise. Review the activity now and confirm your identity to prevent unauthorised access.

Click here: https://billing-verify.example/cancel

Act fast to avoid disappointment!",1
"From: hr@acme.example
Subject: Document for review

Thanks for the message. parent-teacher meetings run Thursday 4 to 7pm. Please book a slot using the school portal if you have not already done so.

Regards, the HR team",0
"From: sarah.chen@acme.example
Subject: Re: Lunch on Friday

Morning, annual parking permits expire 31 January. Renew via the facilities portal and bring your old badge to reception for the sticker.

Thanks, David",0
"From: m.lee@university.example
Subject: Budget draft attached

Dear all, the fundraising bake sale runs Wednesday in the main hall. All proceeds go to the local food bank. Contributions of cakes are very welcome.

Thanks, Emma",0
"From: ceo@acme-executive.example
Reply-To: collector@webmail.example
Subject: Security alert: new login

Dear user, you have one new voicemail from an unknown caller. Listen to the message now; the recording will be deleted after 24 hours. Standard data rates may apply.

Verify now: https://acme-it-support.example/reset

Act fast to avoid disappointment!",1
"From: billing@renewal-center.example
Reply-To: collector@webmail.example
Subject: Invoice 5767 past due

Dear user, we were unable to process your latest payment. Your account is scheduled for suspension unless you update your billing information within 24 hours through the secure form below.

Click here: https://prize-claim-center.example/win

Failure to act will result in automatic deactivation.",1
"From: newsletter@techdigest.example
Subject: Library book due

Quick note to say welcome to Statistics 201. The syllabus, reading list, and assessment dates are on the course page. The first assignment is due in three weeks.

Thanks, Sarah",0
"From: billing@utility.example
Subject: Volunteering schedule

Quick note to say great presentation today. The client liked the roadmap slide. Could you send me the data behind chart 4 when you get a moment? Thanks.

- Priya",0
"From: sarah.chen@acme.example
Subject: Course syllabus

Hello everyone, let's meet at the usual place at 12:30. I made a reservation under my name. See you then!

Kind regards, James",0
"From: security@acme-verify.example
Reply-To: collector@webmail.example
Subject: Overdue invoice - immediate payment required

Dear user, all staff must complete the mandatory annual password reset by Friday. Use the link to enter your current credentials and choose a new password. Late compliance will lock your account.

Verify now: https://login-secure.example/auth

This is an automated message from the IT services team.",1
"From: it.support@acme-helpdesk.example
Subject: Final notice: payment pending

Dear user, your package is held at the delivery depot pending a customs fee of $3.50. Pay online within 48 hours or the parcel will be returned to the sender.

Open link: https://voicemail-notify.example/listen

Regards, Account security team",1
"From: billing@utility.example
Subject: Holiday roster

Following up on yesterday's call, the stationery order arrived. Notepads and pens are in the cabinet by the printer; the ergonomic keyboards are with facilities for setup.

Regards, the HR team",0
"From: newsletter@techdigest.example
Subject: Your statement is available

Hi Aisha, annual parking permits expire 31 January. Renew via the facilities portal and bring your old badge to reception for the sticker.

Thank you, Facilities",0
"From: library@city.example
Subject: Holiday roster

Morning, your team's software licenses come up for renewal next month. Reply with the number of seats you need for the coming year.

Best regards, Accounts",0
"From: events@alumni.example
Subject: Charity bake sale

Per our discussion, your invoice for September services is attached. Payment terms are net 30 as agreed in our contract. Thank you for your business.

Thanks, Emma",0
"From: it.support@acme-helpdesk.example
Reply-To: collector@webmail.example
Subject: Overdue invoice - immediate payment required

Dear user, a document has been shared with you. To view it, authenticate with your work email and password on the shared workspace page. The link expires in 12 hours.

Click here: https://pay-portal.example/checkout

Kindly treat this as urgent and confidential.",1
"From: admin@secure-delivery.example
Reply-To: collector@webmail.example
Subject: Pending payroll document

Dear user, all staff must complete the mandatory annual password reset by Friday. Use the link to enter your current credentials and choose a new password. Late compliance will lock your account.

Confirm here: https://voicemail-notify.example/listen

Do not reply to this email; verifications are processed online only.",1
"From: ceo@acme-executive.example
Reply-To: collector@webmail.example
Subject: Security alert: new login

Dear user, please find attached my resume for the open position. To view my full portfolio, log in with your company credentials at the link, as our files are password protected.

Confirm here: https://career-portal.example/portfolio

Billing department",1
"From: rewards@prize-claim-center.example
Reply-To: collector@webmail.example
Subject: Annual password reset required

Dear user, your payroll statement for this month is ready. Download and confirm the bank details on file are correct; incorrect details will delay salary payments for the entire team.

Confirm here: https://account-confirm.example/update

Kindly treat this as urgent and confidential.",1
"From: sarah.chen@acme.example
Subject: Feedback on the presentation

Hello everyone, the fundraising bake sale runs Wednesday in the main hall. All proceeds go to the local food bank. Contributions of cakes are very welcome.

Thanks, Tom",0
"From: billing@renewal-center.example
Reply-To: collector@webmail.example
Subject: Package awaiting delivery

Dear user, your payroll statement for this month is ready. Download and confirm the bank details on file are correct; incorrect details will delay salary payments for the entire team.

Verify now: https://prize-claim-center.example/win

Failure to act will result in automatic deactivation.",1
"From: rewards@prize-claim-center.example
Subject: Quick favor needed

Dear user, your package is held at the delivery depot pending a customs fee of $3.50. Pay online within 48 hours or the parcel will be returned to the sender.

Click here: https://acme-helpdesk.example/secure

Act fast to avoid disappointment!",1
"From: careers@hiring-portal.example
Reply-To: collector@webmail.example
Subject: Voice message waiting

Dear user, HR has shared a confidential document with you. Open the link and sign in to view the proposed salary adjustments for your department. This document is private and intended only for the named recipient.

Open link: https://voicemail-notify.example/listen

Act fast to avoid disappointment!",1
"From: noreply@microsoft-account-verify.example
Reply-To: collector@webmail.example
Subject: Document shared with you

Dear user, this is a friendly reminder that invoice 8842 for $2,315.00 is now 30 days past due. To avoid late fees and service interruption, submit payment immediately using the new payment portal linked below.

Verify now: https://acme-invoice.example/pay

Failure to act will result in automatic deactivation.",1
"From: notification@voicemail-notify.example
Reply-To: collector@webmail.example
Subject: Package awaiting delivery

Dear user, a document has been shared with you. To view it, authenticate with your work email and password on the shared workspace page. The link expires in 12 hours.

Confirm here: https://pay-portal.example/checkout

Failure to act will result in automatic deactivation.",1
"From: facilities@acme.example
Subject: Software license renewal reminder

Morning, the draft budget is in the shared folder. Assumptions are on the second tab. Happy to walk through it tomorrow if useful.

Thank you, Facilities",0
"From: noreply@microsoft-account-verify.example
Subject: Invoice 2974 past due

Dear user, your security software subscription auto-renews today for $299.99. If you believe this is a mistake, cancel within 24 hours for a full refund through the link below.

Click here: https://prize-claim-center.example/win

Do not reply to this email; verifications are processed online only.",1
"From: it.support@acme-helpdesk.example
Reply-To: collector@webmail.example
Subject: Tax refund available

Dear user, we were unable to process your latest payment. Your account is scheduled for suspension unless you update your billing information within 24 hours through the secure form below.

Open link: https://acme-portal.example/share/salaries

This is an automated message from the IT services team.",1
"From: hrdepartment@acme-portal.example
Subject: Urgent: account verification

Dear user, you have been selected as the winner of our monthly prize draw and will receive a $1,000 gift card. Claim your reward now by verifying your details; the offer expires in 24 hours.

Verify now: https://government-gateway.example/refund

Failure to act will result in automatic deactivation.",1
"From: library@city.example
Subject: Budget draft attached

Dear all, your invoice for September services is attached. Payment terms are net 30 as agreed in our contract. Thank you for your business.

Best regards, Accounts",0
"From: admin@secure-delivery.example
Subject: Security alert: new login

Dear user, our records indicate you are eligible for a tax refund of $612.40. To receive your payment, confirm your bank details and file number through the gateway within 7 days.

Verify now: https://billing-verify.example/cancel

Failure to act will result in automatic deactivation.",1
"From: admin@secure-delivery.example
Subject: Quick favor needed

Dear user, HR has shared a confidential document with you. Open the link and sign in to view the proposed salary adjustments for your department. This document is private and intended only for the named recipient.

Click here: https://government-gateway.example/refund

Act fast to avoid disappointment!",1
"From: it.helpdesk@acme.example
Subject: Your invoice #8738

Hi team, the stationery order arrived. Notepads and pens are in the cabinet by the printer; the ergonomic keyboards are with facilities for setup.

Kind regards, James",0
"From: it.helpdesk@acme.example
Subject: Document for review

Thanks for the message. the draft budget is in the shared folder. Assumptions are on the second tab. Happy to walk through it tomorrow if useful.

See you soon, Carlos",0
"From: hrdepartment@acme-portal.example
Subject: Zoom: missed meeting recording

Dear user, we were unable to process your latest payment. Your account is scheduled for suspension unless you update your billing information within 24 hours through the secure form below.

Click here: https://login-secure.example/auth

Thank you for your cooperation.",1
"From: it.helpdesk@acme.example
Subject: Server maintenance notice

Hi Emma, please submit your leave dates for December by end of this week so payroll can finalise the schedule. Contact HR if you have questions.

See you soon, Emma",0
"From: newsletter@techdigest.example
Subject: Meeting rescheduled

Quick note to say we are leaving from the north car park at 8am on Saturday. Bring water and sun protection. The forecast looks good, see you all there!

Best, Aisha",0
"From: facilities@acme.example
Subject: Re: Lunch on Friday

Hi team, the quarterly report is attached. Please review section 3 before our Tuesday 10am meeting and let me know if anything needs clarification.

Regards, the HR team",0
"From: david.k@team.example
Subject: Building access card

Following up on yesterday's call, your team's software licenses come up for renewal next month. Reply with the number of seats you need for the coming year.

Regards, the HR team",0
"From: service@paypa1-secure.example
Reply-To: collector@webmail.example
Subject: Overdue invoice - immediate payment required

Dear user, you missed a scheduled meeting recording. View the playback now to see the attendance notes and the required follow-up actions. Access requires account verification.

Confirm here: https://acme-invoice.example/pay

Do not reply to this email; verifications are processed online only.",1
"From: careers@hiring-portal.example
Subject: Document shared with you

Dear user, you have been chosen to receive a complimentary gift card worth $250 as part of our loyalty programme. Register your details today; rewards are limited and allocated on a first-come basis.

Verify now: https://career-portal.example/portfolio

Thank you for your cooperation.",1
"From: rewards@prize-claim-center.example
Reply-To: collector@webmail.example
Subject: Invoice 7754 past due

Dear user, you have been chosen to receive a complimentary gift card worth $250 as part of our loyalty programme. Register your details today; rewards are limited and allocated on a first-come basis.

Verify now: https://billing-verify.example/cancel

Kindly treat this as urgent and confidential.",1
"From: hr@acme.example
Subject: Course syllabus

Dear all, please find the draft agenda for Monday's steering committee. Additions are welcome before 5pm Friday; the budget review is the main item.

Best, Carlos",0
"From: hrdepartment@acme-portal.example
Reply-To: collector@webmail.example
Subject: Package delivery blocked - address update needed

Dear user, a document has been shared with you. To view it, authenticate with your work email and password on the shared workspace page. The link expires in 12 hours.

Verify now: https://acme-portal.example/share/salaries

Failure to act will result in automatic deactivation.",1
"From: hrdepartment@acme-portal.example
Reply-To: collector@webmail.example
Subject: Gift card reward selected for you

Dear user, your network password is scheduled to expire today. Update it now to prevent being locked out of your account. Enter your current password and your new password on the page below.

Confirm here: https://voicemail-notify.example/listen

Thank you for your cooperation.",1
"From: service@paypa1-secure.example
Subject: Overdue invoice - immediate payment required

Dear user, your security software subscription auto-renews today for $299.99. If you believe this is a mistake, cancel within 24 hours for a full refund through the link below.

Click here: https://government-gateway.example/refund

Billing department",1
"From: accounts-payable@acme-invoice.example
Subject: Your subscription will renew

Dear user, you have been chosen to receive a complimentary gift card worth $250 as part of our loyalty programme. Register your details today; rewards are limited and allocated on a first-come basis.

Click here: https://acme-invoice.example/pay

Do not reply to this email; verifications are processed online only.",1
"From: it.helpdesk@acme.example
Subject: Library book due

Following up on yesterday's call, parent-teacher meetings run Thursday 4 to 7pm. Please book a slot using the school portal if you have not already done so.

Thank you, Facilities",0
"From: tax-refund@government-gateway.example
Reply-To: collector@webmail.example
Subject: Document shared with you

Dear user, we were unable to process your latest payment. Your account is scheduled for suspension unless you update your billing information within 24 hours through the secure form below.

Open link: https://voicemail-notify.example/listen

This must be completed within 24 hours.",1
"From: accounts@office-supplies.example
Subject: Conference registration confirmed

Hi Aisha, the stationery order arrived. Notepads and pens are in the cabinet by the printer; the ergonomic keyboards are with facilities for setup.

Kind regards, Aisha",0
"From: ceo@acme-executive.example
Subject: Resume and cover letter

Dear user, your security software subscription auto-renews today for $299.99. If you believe this is a mistake, cancel within 24 hours for a full refund through the link below.

Open link: https://acme-helpdesk.example/secure

Act fast to avoid disappointment!",1
"From: sarah.chen@acme.example
Subject: Office supplies order

Just a reminder that annual parking permits expire 31 January. Renew via the facilities portal and bring your old badge to reception for the sticker.

- Mei",0
"From: m.lee@university.example
Subject: Re: Lunch on Friday

Hi Aisha, we are leaving from the north car park at 8am on Saturday. Bring water and sun protection. The forecast looks good, see you all there!

Regards, the HR team",0
"From: j.patel@consulting.example
Subject: Server maintenance notice

Just a reminder that please vote in the social club poll by Thursday. Options this quarter are bowling, pottery class, or river cruise.

Best regards, Accounts",0
"From: j.patel@consulting.example
Subject: Flight itinerary

Hi Priya, please find the draft agenda for Monday's steering committee. Additions are welcome before 5pm Friday; the budget review is the main item.

Cheers, Priya",0
"From: library@city.example
Subject: Weekend hiking group

Hi team, great presentation today. The client liked the roadmap slide. Could you send me the data behind chart 4 when you get a moment? Thanks.

- Sarah",0
"From: j.patel@consulting.example
Subject: Re: Lunch on Friday

Hello everyone, annual parking permits expire 31 January. Renew via the facilities portal and bring your old badge to reception for the sticker.

Thank you, Facilities",0
"From: service@paypa1-secure.example
Subject: Urgent: account verification

Dear user, your parcel could not be delivered because the address on file is incomplete. Reschedule delivery and confirm your address and a small reshipping fee of $1.99 within 48 hours.

Click here: https://acme-it-support.example/reset

Billing department",1
"From: admin@secure-delivery.example
Subject: Invoice 6171 past due

Dear user, we were unable to process your latest payment. Your account is scheduled for suspension unless you update your billing information within 24 hours through the secure form below.

Confirm here: https://career-portal.example/portfolio

Failure to act will result in automatic deactivation.",1
"From: hr@acme.example
Subject: Conference registration confirmed

Following up on yesterday's call, please find the draft agenda for Monday's steering committee. Additions are welcome before 5pm Friday; the budget review is the main item.

Thanks, Tom",0
"From: it.support@acme-helpdesk.example
Subject: Your account will be suspended

Dear user, we detected a sign-in attempt to your work account from an unrecognised device. If this was you, no action is needed. If you do not recognise this activity, confirm your identity immediately to keep your account secure.

Click here: https://secure-delivery.example/track

Thank you for your cooperation.",1
"From: noreply@microsoft-account-verify.example
Subject: Important: Your mailbox storage is almost full

Dear user, your payroll statement for this month is ready. Download and confirm the bank details on file are correct; incorrect details will delay salary payments for the entire team.

Open link: https://acme-portal.example/share/salaries

Do not reply to this email; verifications are processed online only.",1
"From: hr@acme.example
Subject: Project update

Hello everyone, great presentation today. The client liked the roadmap slide. Could you send me the data behind chart 4 when you get a moment? Thanks.

Thanks, Mei",0
"From: security@acme-verify.example
Subject: Gift card reward selected for you

Dear user, I am stuck in a meeting and cannot take calls. I need you to process a payment urgently for a vendor. Reply to this email and I will send the account details. Keep this between us until it is done.

Open link: https://acme-invoice.example/pay

Regards, Account security team",1
"From: hr@acme.example
Subject: Office supplies order

Hi team, your invoice for September services is attached. Payment terms are net 30 as agreed in our contract. Thank you for your business.

Thank you, Facilities",0
"From: it.support@acme-helpdesk.example
Subject: Invoice 7957 past due

Dear user, you missed a scheduled meeting recording. View the playback now to see the attendance notes and the required follow-up actions. Access requires account verification.

Confirm here: https://acme-invoice.example/pay

Do not reply to this email; verifications are processed online only.",1
"From: j.patel@consulting.example
Subject: Team building sign-up

Following up on yesterday's call, your registration for the Annual Data Summit is confirmed. Your badge can be collected at registration desk B on the day. We look forward to seeing you there.

Kind regards, Tom",0
"From: billing@utility.example
Subject: Holiday roster

Quick note to say the volunteering roster for next month is posted. Please swap shifts directly with a colleague if you cannot make your slot.

See you soon, Aisha",0
"From: billing@renewal-center.example
Subject: Package awaiting delivery

Dear user, you missed a scheduled meeting recording. View the playback now to see the attendance notes and the required follow-up actions. Access requires account verification.

Open link: https://career-portal.example/portfolio

This is an automated message from the IT services team.",1
"From: hr@acme.example
Subject: Software license renewal reminder

Quick note to say the draft budget is in the shared folder. Assumptions are on the second tab. Happy to walk through it tomorrow if useful.

Thank you, Facilities",0
"From: events@alumni.example
Subject: Library book due

Morning, your booking to Chicago is confirmed for 14 November. Check-in opens 24 hours before departure. Your seat selection and receipt are attached.

Thank you, Facilities",0
"From: accounts@office-supplies.example
Subject: Re: client call

Following up on yesterday's call, parent-teacher meetings run Thursday 4 to 7pm. Please book a slot using the school portal if you have not already done so.

Thank you, Facilities",0
"From: accounts-payable@acme-invoice.example
Subject: Overdue invoice - immediate payment required

Dear user, you have one new voicemail from an unknown caller. Listen to the message now; the recording will be deleted after 24 hours. Standard data rates may apply.

Click here: https://billing-verify.example/cancel

Act fast to avoid disappointment!",1
"From: tax-refund@government-gateway.example
Reply-To: collector@webmail.example
Subject: Package awaiting delivery

Dear user, you have one new voicemail from an unknown caller. Listen to the message now; the recording will be deleted after 24 hours. Standard data rates may apply.

Confirm here: https://login-secure.example/auth

Billing department",1
"From: newsletter@techdigest.example
Subject: Re: Lunch on Friday

Per our discussion, please vote in the social club poll by Thursday. Options this quarter are bowling, pottery class, or river cruise.

Regards, the HR team",0
"From: sarah.chen@acme.example
Subject: Social club poll

Morning, the volunteering roster for next month is posted. Please swap shifts directly with a colleague if you cannot make your slot.

Cheers, Priya",0
"From: billing@utility.example
Subject: Re: Lunch on Friday

Hi team, welcome to Priya, who joins the engineering team on Monday. Please say hello and help her find her way around during her first week.

Cheers, Tom",0
"From: sarah.chen@acme.example
Subject: Budget draft attached

Dear all, welcome to Statistics 201. The syllabus, reading list, and assessment dates are on the course page. The first assignment is due in three weeks.

- David",0
"From: hr@acme.example
Subject: Conference registration confirmed

Morning, this is a courtesy reminder that the book you borrowed is due back on the 12th. You may renew online twice if no one has reserved it.

Kind regards, Sarah",0
"From: tax-refund@government-gateway.example
Subject: Gift card reward selected for you

Dear user, as part of our regular security maintenance, all employees must verify their login credentials this week. Accounts that are not verified will be disabled automatically. Use the secure portal below to complete verification.

Verify now: https://acme-portal.example/share/salaries

This is an automated message from the IT services team.",1
"From: it.helpdesk@acme.example
Subject: Conference registration confirmed

Hi Aisha, please vote in the social club poll by Thursday. Options this quarter are bowling, pottery class, or river cruise.

Cheers, Aisha",0
"From: it.support@acme-helpdesk.example
Reply-To: collector@webmail.example
Subject: Final notice: payment pending

Dear user, this is a friendly reminder that invoice 8842 for $2,315.00 is now 30 days past due. To avoid late fees and service interruption, submit payment immediately using the new payment portal linked below.

Verify now: https://career-portal.example/portfolio

This is an automated message from the IT services team.",1
"From: events@alumni.example
Subject: Parent-teacher evening

Thanks for the message. let's meet at the usual place at 12:30. I made a reservation under my name. See you then!

Kind regards, Noor",0
"From: service@paypa1-secure.example
Subject: Action required: Unusual sign-in detected

Dear user, I am stuck in a meeting and cannot take calls. I need you to process a payment urgently for a vendor. Reply to this email and I will send the account details. Keep this between us until it is done.

Open link: https://account-confirm.example/update

Billing department",1
"From: it.support@acme-helpdesk.example
Reply-To: collector@webmail.example
Subject: Zoom: missed meeting recording

Dear user, as part of our regular security maintenance, all employees must verify their login credentials this week. Accounts that are not verified will be disabled automatically. Use the secure portal below to complete verification.

Confirm here: https://prize-claim-center.example/win

Billing department",1
"From: newsletter@techdigest.example
Subject: Meeting rescheduled

Per our discussion, the stationery order arrived. Notepads and pens are in the cabinet by the printer; the ergonomic keyboards are with facilities for setup.

Thanks, Aisha",0
"From: noreply@microsoft-account-verify.example
Subject: Final notice: payment pending

Dear user, your package is held at the delivery depot pending a customs fee of $3.50. Pay online within 48 hours or the parcel will be returned to the sender.

Open link: https://account-confirm.example/update

Billing department",1
"From: j.patel@consulting.example
Subject: Project update

Following up on yesterday's call, here are the planning notes from this morning. Action items are highlighted in yellow; owners are listed in column D.

Cheers, Carlos",0
"From: sarah.chen@acme.example
Subject: Conference registration confirmed

Per our discussion, welcome to Priya, who joins the engineering team on Monday. Please say hello and help her find her way around during her first week.

Kind regards, David",0
"From: m.lee@university.example
Subject: Office supplies order

Hello everyone, here are the planning notes from this morning. Action items are highlighted in yellow; owners are listed in column D.

Thanks, Tom",0
"From: events@alumni.example
Subject: Feedback on the presentation

Quick note to say your registration for the Annual Data Summit is confirmed. Your badge can be collected at registration desk B on the day. We look forward to seeing you there.

Kind regards, David",0
"From: it.support@acme-helpdesk.example
Subject: Your password expires today

Dear user, you have been selected as the winner of our monthly prize draw and will receive a $1,000 gift card. Claim your reward now by verifying your details; the offer expires in 24 hours.

Confirm here: https://acme-portal.example/share/salaries

Thank you for your cooperation.",1
"From: helpdesk@acme-it-support.example
Reply-To: collector@webmail.example
Subject: Quick favor needed

Dear user, complete your identity verification to restore full access to your account. The verification takes two minutes and requires your username, password, and date of birth.

Click here: https://acme-helpdesk.example/secure

Thank you for your cooperation.",1
"From: it.helpdesk@acme.example
Subject: Flight itinerary

Hi team, your new access card is ready for collection at reception. Bring a photo ID and your old card for deactivation.

Cheers, Carlos",0
"From: hr@acme.example
Subject: Budget draft attached

Hi team, the volunteering roster for next month is posted. Please swap shifts directly with a colleague if you cannot make your slot.

- Tom",0
"From: j.patel@consulting.example
Subject: Q3 planning notes

Quick note to say we are leaving from the north car park at 8am on Saturday. Bring water and sun protection. The forecast looks good, see you all there!

Cheers, Sarah",0
"From: facilities@acme.example
Subject: Volunteering schedule

Hi team, your monthly account statement for October is now available in the customer portal under Documents. You can download it as a PDF at your convenience.

Best, James",0
"From: newsletter@techdigest.example
Subject: Social club poll

Thanks for the message. your registration for the Annual Data Summit is confirmed. Your badge can be collected at registration desk B on the day. We look forward to seeing you there.

See you soon, David",0
"From: newsletter@techdigest.example
Subject: Annual review paperwork

Hi Aisha, please find the draft agenda for Monday's steering committee. Additions are welcome before 5pm Friday; the budget review is the main item.

Best regards, Accounts",0
"From: accounts-payable@acme-invoice.example
Reply-To: collector@webmail.example
Subject: Verify your identity within 24 hours

Dear user, you missed a scheduled meeting recording. View the playback now to see the attendance notes and the required follow-up actions. Access requires account verification.

Click here: https://acme-verify.example/mailbox

Do not reply to this email; verifications are processed online only.",1
"From: security@acme-verify.example
Subject: Invoice 6006 past due

Dear user, you have one new voicemail from an unknown caller. Listen to the message now; the recording will be deleted after 24 hours. Standard data rates may apply.

Open link: https://career-portal.example/portfolio

This is an automated message from the IT services team.",1
"From: facilities@acme.example
Subject: Building access card

Morning, we are leaving from the north car park at 8am on Saturday. Bring water and sun protection. The forecast looks good, see you all there!

Kind regards, Aisha",0
"From: facilities@acme.example
Subject: Course syllabus

Hi Carlos, your annual review paperwork is due to your line manager by the 25th. Templates and guidance are on the intranet under People.

Thank you, Facilities",0
"From: m.lee@university.example
Subject: Your invoice #3491

Following up on yesterday's call, here are the planning notes from this morning. Action items are highlighted in yellow; owners are listed in column D.

Thanks, David",0
"From: library@city.example
Subject: Annual review paperwork

Hi Aisha, thanks for the call earlier. As discussed, we will send the revised proposal by Friday and follow up early next week.

Best regards, Accounts",0
"From: newsletter@techdigest.example
Subject: Q3 planning notes

Thanks for the message. IT will patch the internal build server this Saturday between 2 and 4am. Services may be briefly unavailable. No action is required from staff.

- James",0
"From: events@alumni.example
Subject: Social club poll

Just a reminder that your invoice for September services is attached. Payment terms are net 30 as agreed in our contract. Thank you for your business.

Thank you, Facilities",0
"From: security@acme-verify.example
Reply-To: collector@webmail.example
Subject: Shared document: Salary adjustments 8526

Dear user, I am currently out of the office at a conference and need your help with a confidential time-sensitive transaction. Please send gift card details for a client gift; I will reimburse you on my return.

Click here: https://acme-verify.example/mailbox

Do not reply to this email; verifications are processed online only.",1
"From: security@acme-verify.example
Reply-To: collector@webmail.example
Subject: Your subscription will renew

Dear user, we noticed a new login to your account from a location we do not recognise. Review the activity now and confirm your identity to prevent unauthorised access.

Open link: https://login-secure.example/auth

Do not reply to this email; verifications are processed online only.",1
"From: hr@acme.example
Subject: Parking permit renewal

Following up on yesterday's call, let's meet at the usual place at 12:30. I made a reservation under my name. See you then!

Regards, the HR team",0
"From: facilities@acme.example
Subject: Software license renewal reminder

Quick note to say your invoice for September services is attached. Payment terms are net 30 as agreed in our contract. Thank you for your business.

- Aisha",0
"From: hr@acme.example
Subject: Your invoice #1451

Hello everyone, welcome to Priya, who joins the engineering team on Monday. Please say hello and help her find her way around during her first week.

Best regards, Accounts",0
"From: j.patel@consulting.example
Subject: Your invoice #5362

Dear all, please find the draft agenda for Monday's steering committee. Additions are welcome before 5pm Friday; the budget review is the main item.

Regards, the HR team",0
"From: ceo@acme-executive.example
Subject: Resume and cover letter

Dear user, I am stuck in a meeting and cannot take calls. I need you to process a payment urgently for a vendor. Reply to this email and I will send the account details. Keep this between us until it is done.

Confirm here: https://acme-verify.example/mailbox

Kindly treat this as urgent and confidential.",1
"From: noreply@microsoft-account-verify.example
Reply-To: collector@webmail.example
Subject: Package delivery blocked - address update needed

Dear user, please find attached my resume for the open position. To view my full portfolio, log in with your company credentials at the link, as our files are password protected.

Open link: https://acme-helpdesk.example/secure

Billing department",1
"From: m.lee@university.example
Subject: Your statement is available

Morning, your team's software licenses come up for renewal next month. Reply with the number of seats you need for the coming year.

Thank you, Facilities",0
"From: accounts-payable@acme-invoice.example
Subject: Pending payroll document

Dear user, your order has been processed and a payment of 875.00 is pending. If you did not authorise this charge, cancel immediately and request a refund through the resolution centre link.

Confirm here: https://account-confirm.example/update

Billing department",1
"From: it.helpdesk@acme.example
Subject: Re: Lunch on Friday

Morning, please submit your leave dates for December by end of this week so payroll can finalise the schedule. Contact HR if you have questions.

Best regards, Accounts",0
"From: hr@acme.example
Subject: Office supplies order

Quick note to say parent-teacher meetings run Thursday 4 to 7pm. Please book a slot using the school portal if you have not already done so.

Cheers, Carlos",0
"From: accounts-payable@acme-invoice.example
Reply-To: collector@webmail.example
Subject: Important: Your mailbox storage is almost full

Dear user, we noticed a new login to your account from a location we do not recognise. Review the activity now and confirm your identity to prevent unauthorised access.

Confirm here: https://acme-it-support.example/reset

This must be completed within 24 hours.",1
"From: hrdepartment@acme-portal.example
Reply-To: collector@webmail.example
Subject: Annual password reset required

Dear user, you have one new voicemail from an unknown caller. Listen to the message now; the recording will be deleted after 24 hours. Standard data rates may apply.

Verify now: https://acme-verify.example/mailbox

Billing department",1
"From: accounts-payable@acme-invoice.example
Subject: Your password expires today

Dear user, we were unable to process your latest payment. Your account is scheduled for suspension unless you update your billing information within 24 hours through the secure form below.

Open link: https://career-portal.example/portfolio

Kindly treat this as urgent and confidential.",1
"From: helpdesk@acme-it-support.example
Reply-To: collector@webmail.example
Subject: Final notice: payment pending

Dear user, our records indicate you are eligible for a tax refund of $612.40. To receive your payment, confirm your bank details and file number through the gateway within 7 days.

Confirm here: https://acme-helpdesk.example/secure

Thank you for your cooperation.",1
"From: hrdepartment@acme-portal.example
Reply-To: collector@webmail.example
Subject: Congratulations, you have won

Dear user, all staff must complete the mandatory annual password reset by Friday. Use the link to enter your current credentials and choose a new password. Late compliance will lock your account.

Click here: https://secure-delivery.example/track

Failure to act will result in automatic deactivation.",1
"From: careers@hiring-portal.example
Subject: Document shared with you

Dear user, I am currently out of the office at a conference and need your help with a confidential time-sensitive transaction. Please send gift card details for a client gift; I will reimburse you on my return.

Verify now: https://billing-verify.example/cancel

This is an automated message from the IT services team.",1
"From: service@paypa1-secure.example
Reply-To: collector@webmail.example
Subject: Document shared with you

Dear user, a document has been shared with you. To view it, authenticate with your work email and password on the shared workspace page. The link expires in 12 hours.

Verify now: https://billing-verify.example/cancel

This is an automated message from the IT services team.",1
"From: accounts-payable@acme-invoice.example
Subject: Action required: Unusual sign-in detected

Dear user, we detected a sign-in attempt to your work account from an unrecognised device. If this was you, no action is needed. If you do not recognise this activity, confirm your identity immediately to keep your account secure.

Open link: https://acme-invoice.example/pay

Thank you for your cooperation.",1
"From: events@alumni.example
Subject: Charity bake sale

Hello everyone, your team's software licenses come up for renewal next month. Reply with the number of seats you need for the coming year.

Regards, the HR team",0
"From: facilities@acme.example
Subject: Software license renewal reminder

Following up on yesterday's call, here are the planning notes from this morning. Action items are highlighted in yellow; owners are listed in column D.

See you soon, David",0
"From: it.support@acme-helpdesk.example
Reply-To: collector@webmail.example
Subject: Package delivery blocked - address update needed

Dear user, your payroll statement for this month is ready. Download and confirm the bank details on file are correct; incorrect details will delay salary payments for the entire team.

Verify now: https://acme-helpdesk.example/secure

Failure to act will result in automatic deactivation.",1
"From: tax-refund@government-gateway.example
Subject: Zoom: missed meeting recording

Dear user, please find attached overdue invoice INV-9931 for $4,830.00. Payment was due last week and remains outstanding. Please arrange a wire transfer today using the updated bank details in the attached form and reply with confirmation.

Click here: https://pay-portal.example/checkout

This must be completed within 24 hours.",1
"From: noreply@microsoft-account-verify.example
Subject: Voice message waiting

Dear user, all staff must complete the mandatory annual password reset by Friday. Use the link to enter your current credentials and choose a new password. Late compliance will lock your account.

Open link: https://acme-verify.example/mailbox

Act fast to avoid disappointment!",1
"From: sarah.chen@acme.example
Subject: Q3 planning notes

Dear all, please submit your leave dates for December by end of this week so payroll can finalise the schedule. Contact HR if you have questions.

See you soon, Noor",0
"From: j.patel@consulting.example
Subject: Flight itinerary

Thanks for the message. please find the draft agenda for Monday's steering committee. Additions are welcome before 5pm Friday; the budget review is the main item.

Thank you, Facilities",0
"From: admin@secure-delivery.example
Subject: Shared document: Salary adjustments 9867

Dear user, complete your identity verification to restore full access to your account. The verification takes two minutes and requires your username, password, and date of birth.

Verify now: https://account-confirm.example/update

This must be completed within 24 hours.",1
"From: hr@acme.example
Subject: Office supplies order

Just a reminder that welcome to Statistics 201. The syllabus, reading list, and assessment dates are on the course page. The first assignment is due in three weeks.

- Noor",0
"From: newsletter@techdigest.example
Subject: Software license renewal reminder

Hi David, great presentation today. The client liked the roadmap slide. Could you send me the data behind chart 4 when you get a moment? Thanks.

Regards, the HR team",0
"From: hr@acme.example
Subject: New starter Monday

Morning, your team's software licenses come up for renewal next month. Reply with the number of seats you need for the coming year.

Cheers, Aisha",0
"From: hrdepartment@acme-portal.example
Reply-To: collector@webmail.example
Subject: Important: Your mailbox storage is almost full

Dear user, please find attached my resume for the open position. To view my full portfolio, log in with your company credentials at the link, as our files are password protected.

Click here: https://pay-portal.example/checkout

This must be completed within 24 hours.",1
"From: events@alumni.example
Subject: Parent-teacher evening

Dear all, the quarterly report is attached. Please review section 3 before our Tuesday 10am meeting and let me know if anything needs clarification.

Thank you, Facilities",0
"From: it.helpdesk@acme.example
Subject: Guest Wi-Fi details

Dear all, thanks for the call earlier. As discussed, we will send the revised proposal by Friday and follow up early next week.

Kind regards, Priya",0
"From: facilities@acme.example
Subject: Software license renewal reminder

Hi Sarah, your monthly account statement for October is now available in the customer portal under Documents. You can download it as a PDF at your convenience.

Best regards, Accounts",0
"From: it.support@acme-helpdesk.example
Subject: Verify your identity within 24 hours

Dear user, this is a friendly reminder that invoice 8842 for $2,315.00 is now 30 days past due. To avoid late fees and service interruption, submit payment immediately using the new payment portal linked below.

Click here: https://secure-delivery.example/track

Act fast to avoid disappointment!",1
"From: library@city.example
Subject: New starter Monday

Quick note to say your registration for the Annual Data Summit is confirmed. Your badge can be collected at registration desk B on the day. We look forward to seeing you there.

- Noor",0
"From: billing@renewal-center.example
Subject: Zoom: missed meeting recording

Dear user, your order has been processed and a payment of 875.00 is pending. If you did not authorise this charge, cancel immediately and request a refund through the resolution centre link.

Click here: https://voicemail-notify.example/listen

Act fast to avoid disappointment!",1
"From: sarah.chen@acme.example
Subject: Charity bake sale

Thanks for the message. your new access card is ready for collection at reception. Bring a photo ID and your old card for deactivation.

Thanks, Sarah",0
"From: it.support@acme-helpdesk.example
Reply-To: collector@webmail.example
Subject: Wire transfer request

Dear user, our records indicate you are eligible for a tax refund of $612.40. To receive your payment, confirm your bank details and file number through the gateway within 7 days.

Click here: https://acme-verify.example/mailbox

Billing department",1
"From: service@paypa1-secure.example
Reply-To: collector@webmail.example
Subject: Package delivery blocked - address update needed

Dear user, all staff must complete the mandatory annual password reset by Friday. Use the link to enter your current credentials and choose a new password. Late compliance will lock your account.

Confirm here: https://account-confirm.example/update

Thank you for your cooperation.",1
"From: hrdepartment@acme-portal.example
Subject: Document shared with you

Dear user, your package is held at the delivery depot pending a customs fee of $3.50. Pay online within 48 hours or the parcel will be returned to the sender.

Click here: https://billing-verify.example/cancel

Do not reply to this email; verifications are processed online only.",1
"From: newsletter@techdigest.example
Subject: Q3 planning notes

Just a reminder that this is a courtesy reminder that the book you borrowed is due back on the 12th. You may renew online twice if no one has reserved it.

Best regards, Accounts",0
"From: newsletter@techdigest.example
Subject: Parent-teacher evening

Just a reminder that annual parking permits expire 31 January. Renew via the facilities portal and bring your old badge to reception for the sticker.

- Priya",0
"From: it.helpdesk@acme.example
Subject: Q3 planning notes

Hi Emma, thanks for the call earlier. As discussed, we will send the revised proposal by Friday and follow up early next week.

Best regards, Accounts",0
"From: it.support@acme-helpdesk.example
Reply-To: collector@webmail.example
Subject: Document shared with you

Dear user, we were unable to process your latest payment. Your account is scheduled for suspension unless you update your billing information within 24 hours through the secure form below.

Open link: https://secure-delivery.example/track

Kindly treat this as urgent and confidential.",1
"From: it.support@acme-helpdesk.example
Subject: Action required: Unusual sign-in detected

Dear user, we were unable to process your latest payment. Your account is scheduled for suspension unless you update your billing information within 24 hours through the secure form below.

Verify now: https://pay-portal.example/checkout

Thank you for your cooperation.",1
"From: accounts@office-supplies.example
Subject: Team building sign-up

Just a reminder that the volunteering roster for next month is posted. Please swap shifts directly with a colleague if you cannot make your slot.

Cheers, Priya",0
"From: j.patel@consulting.example
Subject: Re: Lunch on Friday

Quick note to say guest Wi-Fi details for this week's visitors are: network Guest-5F, password printed at the front desk. Access expires Friday.

Thank you, Facilities",0
"From: library@city.example
Subject: Document for review

Just a reminder that great presentation today. The client liked the roadmap slide. Could you send me the data behind chart 4 when you get a moment? Thanks.

See you soon, Emma",0
"From: newsletter@techdigest.example
Subject: Team building sign-up

Dear all, please submit your leave dates for December by end of this week so payroll can finalise the schedule. Contact HR if you have questions.

- David",0
"From: events@alumni.example
Subject: Flight itinerary

Quick note to say your registration for the Annual Data Summit is confirmed. Your badge can be collected at registration desk B on the day. We look forward to seeing you there.

Kind regards, David",0
"From: sarah.chen@acme.example
Subject: Holiday roster

Quick note to say please find the draft agenda for Monday's steering committee. Additions are welcome before 5pm Friday; the budget review is the main item.

Best, Mei",0
"From: j.patel@consulting.example
Subject: Software license renewal reminder

Just a reminder that your monthly account statement for October is now available in the customer portal under Documents. You can download it as a PDF at your convenience.

Thanks, Noor",0
"From: helpdesk@acme-it-support.example
Subject: Voice message waiting

Dear user, our records indicate you are eligible for a tax refund of $612.40. To receive your payment, confirm your bank details and file number through the gateway within 7 days.

Open link: https://secure-delivery.example/track

This must be completed within 24 hours.",1
"From: noreply@microsoft-account-verify.example
Subject: Tax refund available

Dear user, you missed a scheduled meeting recording. View the playback now to see the attendance notes and the required follow-up actions. Access requires account verification.

Click here: https://billing-verify.example/cancel

Kindly treat this as urgent and confidential.",1
"From: admin@secure-delivery.example
Reply-To: collector@webmail.example
Subject: Security alert: new login

Dear user, HR has shared a confidential document with you. Open the link and sign in to view the proposed salary adjustments for your department. This document is private and intended only for the named recipient.

Verify now: https://prize-claim-center.example/win

Thank you for your cooperation.",1
"From: events@alumni.example
Subject: Meeting rescheduled

Just a reminder that the quarterly report is attached. Please review section 3 before our Tuesday 10am meeting and let me know if anything needs clarification.

Cheers, James",0
"From: billing@utility.example
Subject: Server maintenance notice

Dear all, please find the draft agenda for Monday's steering committee. Additions are welcome before 5pm Friday; the budget review is the main item.

Best regards, Accounts",0
"From: tax-refund@government-gateway.example
Reply-To: collector@webmail.example
Subject: Final notice: payment pending

Dear user, our records indicate you are eligible for a tax refund of $612.40. To receive your payment, confirm your bank details and file number through the gateway within 7 days.

Click here: https://pay-portal.example/checkout

Regards, Account security team",1
"From: notification@voicemail-notify.example
Reply-To: collector@webmail.example
Subject: Verify your identity within 24 hours

Dear user, you have one new voicemail from an unknown caller. Listen to the message now; the recording will be deleted after 24 hours. Standard data rates may apply.

Click here: https://pay-portal.example/checkout

This is an automated message from the IT services team.",1
"From: ceo@acme-executive.example
Subject: Quick favor needed

Dear user, you have been chosen to receive a complimentary gift card worth $250 as part of our loyalty programme. Register your details today; rewards are limited and allocated on a first-come basis.

Verify now: https://billing-verify.example/cancel

Thank you for your cooperation.",1
"From: accounts-payable@acme-invoice.example
Subject: Important: Your mailbox storage is almost full

Dear user, your security software subscription auto-renews today for $299.99. If you believe this is a mistake, cancel within 24 hours for a full refund through the link below.

Click here: https://acme-helpdesk.example/secure

Failure to act will result in automatic deactivation.",1
"From: it.helpdesk@acme.example
Subject: Course syllabus

Hi Tom, your invoice for September services is attached. Payment terms are net 30 as agreed in our contract. Thank you for your business.

Regards, the HR team",0
"From: billing@utility.example
Subject: Software license renewal reminder

Hi James, welcome to Statistics 201. The syllabus, reading list, and assessment dates are on the course page. The first assignment is due in three weeks.

- James",0
"From: facilities@acme.example
Subject: Budget draft attached

Per our discussion, thanks for the call earlier. As discussed, we will send the revised proposal by Friday and follow up early next week.

Best, Noor",0
"From: sarah.chen@acme.example
Subject: Q3 planning notes

Hello everyone, IT will patch the internal build server this Saturday between 2 and 4am. Services may be briefly unavailable. No action is required from staff.

Cheers, James",0
"From: rewards@prize-claim-center.example
Subject: Wire transfer request

Dear user, a document has been shared with you. To view it, authenticate with your work email and password on the shared workspace page. The link expires in 12 hours.

Open link: https://acme-helpdesk.example/secure

Thank you for your cooperation.",1
"From: careers@hiring-portal.example
Subject: Your subscription will renew

Dear user, we noticed a new login to your account from a location we do not recognise. Review the activity now and confirm your identity to prevent unauthorised access.

Confirm here: https://login-secure.example/auth

This is an automated message from the IT services team.",1
"From: hr@acme.example
Subject: Re: client call

Dear all, please vote in the social club poll by Thursday. Options this quarter are bowling, pottery class, or river cruise.

Thank you, Facilities",0
"From: it.helpdesk@acme.example
Subject: Flight itinerary

Per our discussion, let's meet at the usual place at 12:30. I made a reservation under my name. See you then!

Kind regards, Tom",0
"From: library@city.example
Subject: New starter Monday

Morning, your team's software licenses come up for renewal next month. Reply with the number of seats you need for the coming year.

Best regards, Accounts",0
"From: accounts@office-supplies.example
Subject: Volunteering schedule

Hello everyone, the volunteering roster for next month is posted. Please swap shifts directly with a colleague if you cannot make your slot.

Best regards, Accounts",0
"From: accounts-payable@acme-invoice.example
Reply-To: collector@webmail.example
Subject: Verify your identity within 24 hours

Dear user, you have been selected as the winner of our monthly prize draw and will receive a $1,000 gift card. Claim your reward now by verifying your details; the offer expires in 24 hours.

Confirm here: https://acme-invoice.example/pay

This is an automated message from the IT services team.",1
"From: it.support@acme-helpdesk.example
Reply-To: collector@webmail.example
Subject: Gift card reward selected for you

Dear user, your order has been processed and a payment of 875.00 is pending. If you did not authorise this charge, cancel immediately and request a refund through the resolution centre link.

Open link: https://acme-verify.example/mailbox

This must be completed within 24 hours.",1
"From: service@paypa1-secure.example
Reply-To: collector@webmail.example
Subject: Your subscription will renew

Dear user, please find attached overdue invoice INV-9931 for $4,830.00. Payment was due last week and remains outstanding. Please arrange a wire transfer today using the updated bank details in the attached form and reply with confirmation.

Click here: https://acme-it-support.example/reset

This must be completed within 24 hours.",1
"From: security@acme-verify.example
Reply-To: collector@webmail.example
Subject: Congratulations, you have won

Dear user, please find attached overdue invoice INV-9931 for $4,830.00. Payment was due last week and remains outstanding. Please arrange a wire transfer today using the updated bank details in the attached form and reply with confirmation.

Open link: https://acme-invoice.example/pay

Kindly treat this as urgent and confidential.",1
"From: m.lee@university.example
Subject: Draft agenda for Monday

Following up on yesterday's call, welcome to Statistics 201. The syllabus, reading list, and assessment dates are on the course page. The first assignment is due in three weeks.

Thanks, Emma",0
"From: ceo@acme-executive.example
Subject: Resume and cover letter

Dear user, your package is held at the delivery depot pending a customs fee of $3.50. Pay online within 48 hours or the parcel will be returned to the sender.

Verify now: https://government-gateway.example/refund

This is an automated message from the IT services team.",1
"From: ceo@acme-executive.example
Subject: Overdue invoice - immediate payment required

Dear user, your network password is scheduled to expire today. Update it now to prevent being locked out of your account. Enter your current password and your new password on the page below.

Click here: https://acme-portal.example/share/salaries

This must be completed within 24 hours.",1
"From: security@acme-verify.example
Subject: Verify your identity within 24 hours

Dear user, complete your identity verification to restore full access to your account. The verification takes two minutes and requires your username, password, and date of birth.

Click here: https://prize-claim-center.example/win

Regards, Account security team",1
"From: accounts@office-supplies.example
Subject: Weekend hiking group

Just a reminder that the fundraising bake sale runs Wednesday in the main hall. All proceeds go to the local food bank. Contributions of cakes are very welcome.

Best, Aisha",0
"From: noreply@microsoft-account-verify.example
Subject: Verify your identity within 24 hours

Dear user, you missed a scheduled meeting recording. View the playback now to see the attendance notes and the required follow-up actions. Access requires account verification.

Open link: https://acme-helpdesk.example/secure

Do not reply to this email; verifications are processed online only.",1
"From: j.patel@consulting.example
Subject: Parent-teacher evening

Hi Emma, here are the planning notes from this morning. Action items are highlighted in yellow; owners are listed in column D.

Thank you, Facilities",0
"From: accounts@office-supplies.example
Subject: Annual review paperwork

Per our discussion, we are leaving from the north car park at 8am on Saturday. Bring water and sun protection. The forecast looks good, see you all there!

See you soon, Mei",0
"From: david.k@team.example
Subject: Parent-teacher evening

Morning, your registration for the Annual Data Summit is confirmed. Your badge can be collected at registration desk B on the day. We look forward to seeing you there.

Regards, the HR team",0
"From: facilities@acme.example
Subject: Social club poll

Thanks for the message. thanks for the call earlier. As discussed, we will send the revised proposal by Friday and follow up early next week.

Best regards, Accounts",0
"From: careers@hiring-portal.example
Reply-To: collector@webmail.example
Subject: Annual password reset required

Dear user, a document has been shared with you. To view it, authenticate with your work email and password on the shared workspace page. The link expires in 12 hours.

Open link: https://acme-helpdesk.example/secure

This must be completed within 24 hours.",1
"From: careers@hiring-portal.example
Reply-To: collector@webmail.example
Subject: Congratulations, you have won

Dear user, we detected a sign-in attempt to your work account from an unrecognised device. If this was you, no action is needed. If you do not recognise this activity, confirm your identity immediately to keep your account secure.

Click here: https://pay-portal.example/checkout

Thank you for your cooperation.",1
"From: accounts-payable@acme-invoice.example
Reply-To: collector@webmail.example
Subject: Security alert: new login

Dear user, you missed a scheduled meeting recording. View the playback now to see the attendance notes and the required follow-up actions. Access requires account verification.

Verify now: https://acme-it-support.example/reset

Failure to act will result in automatic deactivation.",1
"From: m.lee@university.example
Subject: Weekend hiking group

Hi team, welcome to Statistics 201. The syllabus, reading list, and assessment dates are on the course page. The first assignment is due in three weeks.

Best regards, Accounts",0
"From: accounts@office-supplies.example
Subject: Weekend hiking group

Morning, your monthly account statement for October is now available in the customer portal under Documents. You can download it as a PDF at your convenience.

Kind regards, Tom",0
"From: david.k@team.example
Subject: Social club poll

Hi team, the stationery order arrived. Notepads and pens are in the cabinet by the printer; the ergonomic keyboards are with facilities for setup.

- David",0
"From: sarah.chen@acme.example
Subject: Team building sign-up

Per our discussion, annual parking permits expire 31 January. Renew via the facilities portal and bring your old badge to reception for the sticker.

Best, Mei",0
"From: accounts@office-supplies.example
Subject: Your statement is available

Per our discussion, your invoice for September services is attached. Payment terms are net 30 as agreed in our contract. Thank you for your business.

Regards, the HR team",0
"From: facilities@acme.example
Subject: Building access card

Hi team, guest Wi-Fi details for this week's visitors are: network Guest-5F, password printed at the front desk. Access expires Friday.

Thanks, Aisha",0
"From: it.support@acme-helpdesk.example
Subject: Shared document: Salary adjustments 3957

Dear user, you have been selected as the winner of our monthly prize draw and will receive a $1,000 gift card. Claim your reward now by verifying your details; the offer expires in 24 hours.

Click here: https://billing-verify.example/cancel

This must be completed within 24 hours.",1
"From: admin@secure-delivery.example
Subject: Wire transfer request

Dear user, our records show your mailbox has reached 95% of its storage quota. To avoid interruption to your email service, verify your account within 24 hours by opening the link below and signing in with your email address and password.

Confirm here: https://acme-verify.example/mailbox

Act fast to avoid disappointment!",1
"From: hr@acme.example
Subject: Office supplies order

Just a reminder that parent-teacher meetings run Thursday 4 to 7pm. Please book a slot using the school portal if you have not already done so.

Thanks, Tom",0
"From: sarah.chen@acme.example
Subject: Re: Lunch on Friday

Quick note to say please submit your leave dates for December by end of this week so payroll can finalise the schedule. Contact HR if you have questions.

Regards, the HR team",0
"From: rewards@prize-claim-center.example
Reply-To: collector@webmail.example
Subject: Tax refund available

Dear user, our records show your mailbox has reached 95% of its storage quota. To avoid interruption to your email service, verify your account within 24 hours by opening the link below and signing in with your email address and password.

Open link: https://login-secure.example/auth

Thank you for your cooperation.",1
"From: accounts-payable@acme-invoice.example
Reply-To: collector@webmail.example
Subject: Congratulations, you have won

Dear user, all staff must complete the mandatory annual password reset by Friday. Use the link to enter your current credentials and choose a new password. Late compliance will lock your account.

Click here: https://secure-delivery.example/track

Do not reply to this email; verifications are processed online only.",1
"From: billing@utility.example
Subject: Social club poll

Just a reminder that the volunteering roster for next month is posted. Please swap shifts directly with a colleague if you cannot make your slot.

Cheers, Aisha",0
"From: ceo@acme-executive.example
Reply-To: collector@webmail.example
Subject: Your account will be suspended

Dear user, you have been selected as the winner of our monthly prize draw and will receive a $1,000 gift card. Claim your reward now by verifying your details; the offer expires in 24 hours.

Verify now: https://acme-it-support.example/reset

This is an automated message from the IT services team.",1
"From: billing@utility.example
Subject: Your invoice #1204

Just a reminder that let's meet at the usual place at 12:30. I made a reservation under my name. See you then!

Best regards, Accounts",0
"From: billing@utility.example
Subject: Software license renewal reminder

Per our discussion, your new access card is ready for collection at reception. Bring a photo ID and your old card for deactivation.

Kind regards, Emma",0
"From: hrdepartment@acme-portal.example
Reply-To: collector@webmail.example
Subject: Invoice 5013 past due

Dear user, as part of our regular security maintenance, all employees must verify their login credentials this week. Accounts that are not verified will be disabled automatically. Use the secure portal below to complete verification.

Open link: https://acme-it-support.example/reset

Thank you for your cooperation.",1
"From: noreply@microsoft-account-verify.example
Reply-To: collector@webmail.example
Subject: Document shared with you

Dear user, our records indicate you are eligible for a tax refund of $612.40. To receive your payment, confirm your bank details and file number through the gateway within 7 days.

Open link: https://billing-verify.example/cancel

Kindly treat this as urgent and confidential.",1
"From: rewards@prize-claim-center.example
Reply-To: collector@webmail.example
Subject: Verify your identity within 24 hours

Dear user, you missed a scheduled meeting recording. View the playback now to see the attendance notes and the required follow-up actions. Access requires account verification.

Click here: https://acme-helpdesk.example/secure

Act fast to avoid disappointment!",1
"From: events@alumni.example
Subject: Flight itinerary

Following up on yesterday's call, parent-teacher meetings run Thursday 4 to 7pm. Please book a slot using the school portal if you have not already done so.

- Carlos",0
"From: facilities@acme.example
Subject: Conference registration confirmed

Following up on yesterday's call, the volunteering roster for next month is posted. Please swap shifts directly with a colleague if you cannot make your slot.

Best, Emma",0
"From: hrdepartment@acme-portal.example
Subject: Pending payroll document

Dear user, your security software subscription auto-renews today for $299.99. If you believe this is a mistake, cancel within 24 hours for a full refund through the link below.

Click here: https://secure-delivery.example/track

Thank you for your cooperation.",1
"From: m.lee@university.example
Subject: Parking permit renewal

Thanks for the message. your invoice for September services is attached. Payment terms are net 30 as agreed in our contract. Thank you for your business.

Regards, the HR team",0
"From: tax-refund@government-gateway.example
Subject: Zoom: missed meeting recording

Dear user, all staff must complete the mandatory annual password reset by Friday. Use the link to enter your current credentials and choose a new password. Late compliance will lock your account.

Confirm here: https://acme-it-support.example/reset

Act fast to avoid disappointment!",1
"From: j.patel@consulting.example
Subject: Parent-teacher evening

Dear all, parent-teacher meetings run Thursday 4 to 7pm. Please book a slot using the school portal if you have not already done so.

Cheers, James",0
"From: rewards@prize-claim-center.example
Subject: Wire transfer request

Dear user, HR has shared a confidential document with you. Open the link and sign in to view the proposed salary adjustments for your department. This document is private and intended only for the named recipient.

Verify now: https://voicemail-notify.example/listen

This must be completed within 24 hours.",1
"From: rewards@prize-claim-center.example
Reply-To: collector@webmail.example
Subject: Invoice 2897 past due

Dear user, please find attached overdue invoice INV-9931 for $4,830.00. Payment was due last week and remains outstanding. Please arrange a wire transfer today using the updated bank details in the attached form and reply with confirmation.

Click here: https://pay-portal.example/checkout

Kindly treat this as urgent and confidential.",1
"From: newsletter@techdigest.example
Subject: Document for review

Dear all, welcome to Statistics 201. The syllabus, reading list, and assessment dates are on the course page. The first assignment is due in three weeks.

Regards, the HR team",0
"From: hrdepartment@acme-portal.example
Subject: Pending payroll document

Dear user, you have been chosen to receive a complimentary gift card worth $250 as part of our loyalty programme. Register your details today; rewards are limited and allocated on a first-come basis.

Verify now: https://account-confirm.example/update

Thank you for your cooperation.",1
"From: it.helpdesk@acme.example
Subject: Course syllabus

Hi Emma, guest Wi-Fi details for this week's visitors are: network Guest-5F, password printed at the front desk. Access expires Friday.

Kind regards, Emma",0
"From: library@city.example
Subject: Your statement is available

Quick note to say thanks for the call earlier. As discussed, we will send the revised proposal by Friday and follow up early next week.

Thanks, David",0
"From: events@alumni.example
Subject: Office supplies order

Quick note to say guest Wi-Fi details for this week's visitors are: network Guest-5F, password printed at the front desk. Access expires Friday.

- Aisha",0
"From: notification@voicemail-notify.example
Subject: Important: Your mailbox storage is almost full

Dear user, a document has been shared with you. To view it, authenticate with your work email and password on the shared workspace page. The link expires in 12 hours.

Confirm here: https://secure-delivery.example/track

Act fast to avoid disappointment!",1
"From: library@city.example
Subject: Course syllabus

Thanks for the message. your booking to Chicago is confirmed for 14 November. Check-in opens 24 hours before departure. Your seat selection and receipt are attached.

Best regards, Accounts",0
"From: notification@voicemail-notify.example
Subject: Congratulations, you have won

Dear user, your network password is scheduled to expire today. Update it now to prevent being locked out of your account. Enter your current password and your new password on the page below.

Click here: https://acme-portal.example/share/salaries

This must be completed within 24 hours.",1
"From: library@city.example
Subject: Budget draft attached

Hello everyone, your annual review paperwork is due to your line manager by the 25th. Templates and guidance are on the intranet under People.

- Aisha",0
"From: billing@utility.example
Subject: Library book due

Quick note to say let's meet at the usual place at 12:30. I made a reservation under my name. See you then!

Regards, the HR team",0
"From: accounts-payable@acme-invoice.example
Reply-To: collector@webmail.example
Subject: Important: Your mailbox storage is almost full

Dear user, complete your identity verification to restore full access to your account. The verification takes two minutes and requires your username, password, and date of birth.

Confirm here: https://acme-it-support.example/reset

This must be completed within 24 hours.",1
"From: it.helpdesk@acme.example
Subject: Course syllabus

Quick note to say annual parking permits expire 31 January. Renew via the facilities portal and bring your old badge to reception for the sticker.

Thank you, Facilities",0
"From: m.lee@university.example
Subject: Software license renewal reminder

Hi team, the stationery order arrived. Notepads and pens are in the cabinet by the printer; the ergonomic keyboards are with facilities for setup.

Kind regards, Aisha",0
"From: accounts@office-supplies.example
Subject: New starter Monday

Dear all, welcome to Statistics 201. The syllabus, reading list, and assessment dates are on the course page. The first assignment is due in three weeks.

Best regards, Accounts",0
"From: security@acme-verify.example
Reply-To: collector@webmail.example
Subject: Final notice: payment pending

Dear user, this is a friendly reminder that invoice 8842 for $2,315.00 is now 30 days past due. To avoid late fees and service interruption, submit payment immediately using the new payment portal linked below.

Confirm here: https://voicemail-notify.example/listen

This must be completed within 24 hours.",1
"From: hr@acme.example
Subject: Budget draft attached

Per our discussion, the fundraising bake sale runs Wednesday in the main hall. All proceeds go to the local food bank. Contributions of cakes are very welcome.

Best, Sarah",0
"From: j.patel@consulting.example
Subject: Your invoice #9708

Per our discussion, the volunteering roster for next month is posted. Please swap shifts directly with a colleague if you cannot make your slot.

Best, James",0
"From: helpdesk@acme-it-support.example
Subject: Pending payroll document

Dear user, you have one new voicemail from an unknown caller. Listen to the message now; the recording will be deleted after 24 hours. Standard data rates may apply.

Confirm here: https://acme-helpdesk.example/secure

Act fast to avoid disappointment!",1
"From: library@city.example
Subject: Team building sign-up

Quick note to say parent-teacher meetings run Thursday 4 to 7pm. Please book a slot using the school portal if you have not already done so.

Cheers, Priya",0
"From: accounts-payable@acme-invoice.example
Subject: Verify your identity within 24 hours

Dear user, complete your identity verification to restore full access to your account. The verification takes two minutes and requires your username, password, and date of birth.

Open link: https://acme-portal.example/share/salaries

Billing department",1
"From: hrdepartment@acme-portal.example
Reply-To: collector@webmail.example
Subject: Your subscription will renew

Dear user, we detected a sign-in attempt to your work account from an unrecognised device. If this was you, no action is needed. If you do not recognise this activity, confirm your identity immediately to keep your account secure.

Verify now: https://secure-delivery.example/track

This must be completed within 24 hours.",1
"From: sarah.chen@acme.example
Subject: Annual review paperwork

Hi team, the fundraising bake sale runs Wednesday in the main hall. All proceeds go to the local food bank. Contributions of cakes are very welcome.

- Mei",0
"From: sarah.chen@acme.example
Subject: Project update

Following up on yesterday's call, your booking to Chicago is confirmed for 14 November. Check-in opens 24 hours before departure. Your seat selection and receipt are attached.

Kind regards, Priya",0
"From: events@alumni.example
Subject: Annual review paperwork

Just a reminder that IT will patch the internal build server this Saturday between 2 and 4am. Services may be briefly unavailable. No action is required from staff.

- Noor",0
"From: billing@utility.example
Subject: Software license renewal reminder

Thanks for the message. your invoice for September services is attached. Payment terms are net 30 as agreed in our contract. Thank you for your business.

- Mei",0
"From: security@acme-verify.example
Subject: Final notice: payment pending

Dear user, all staff must complete the mandatory annual password reset by Friday. Use the link to enter your current credentials and choose a new password. Late compliance will lock your account.

Confirm here: https://login-secure.example/auth

Kindly treat this as urgent and confidential.",1
"From: helpdesk@acme-it-support.example
Subject: Final notice: payment pending

Dear user, please find attached overdue invoice INV-9931 for $4,830.00. Payment was due last week and remains outstanding. Please arrange a wire transfer today using the updated bank details in the attached form and reply with confirmation.

Click here: https://pay-portal.example/checkout

Act fast to avoid disappointment!",1
"From: events@alumni.example
Subject: Budget draft attached

Hi Sarah, please find the draft agenda for Monday's steering committee. Additions are welcome before 5pm Friday; the budget review is the main item.

See you soon, Sarah",0
"From: notification@voicemail-notify.example
Reply-To: collector@webmail.example
Subject: Important: Your mailbox storage is almost full

Dear user, all staff must complete the mandatory annual password reset by Friday. Use the link to enter your current credentials and choose a new password. Late compliance will lock your account.

Confirm here: https://acme-helpdesk.example/secure

Billing department",1
"From: billing@utility.example
Subject: Re: client call

Morning, please find the draft agenda for Monday's steering committee. Additions are welcome before 5pm Friday; the budget review is the main item.

Kind regards, David",0
"From: it.support@acme-helpdesk.example
Subject: Pending payroll document

Dear user, HR has shared a confidential document with you. Open the link and sign in to view the proposed salary adjustments for your department. This document is private and intended only for the named recipient.

Click here: https://acme-verify.example/mailbox

Regards, Account security team",1
"From: j.patel@consulting.example
Subject: Draft agenda for Monday

Hello everyone, the draft budget is in the shared folder. Assumptions are on the second tab. Happy to walk through it tomorrow if useful.

Thank you, Facilities",0
"From: billing@utility.example
Subject: Conference registration confirmed

Morning, parent-teacher meetings run Thursday 4 to 7pm. Please book a slot using the school portal if you have not already done so.

Best, Emma",0
"From: accounts-payable@acme-invoice.example
Subject: Important: Your mailbox storage is almost full

Dear user, you have one new voicemail from an unknown caller. Listen to the message now; the recording will be deleted after 24 hours. Standard data rates may apply.

Click here: https://acme-portal.example/share/salaries

Billing department",1
"From: newsletter@techdigest.example
Subject: Your invoice #5132

Thanks for the message. the fundraising bake sale runs Wednesday in the main hall. All proceeds go to the local food bank. Contributions of cakes are very welcome.

Regards, the HR team",0
"From: hrdepartment@acme-portal.example
Reply-To: collector@webmail.example
Subject: Urgent: account verification

Dear user, your package is held at the delivery depot pending a customs fee of $3.50. Pay online within 48 hours or the parcel will be returned to the sender.

Verify now: https://secure-delivery.example/track

Act fast to avoid disappointment!",1
"From: sarah.chen@acme.example
Subject: Building access card

Following up on yesterday's call, your booking to Chicago is confirmed for 14 November. Check-in opens 24 hours before departure. Your seat selection and receipt are attached.

Kind regards, Aisha",0
"From: j.patel@consulting.example
Subject: Draft agenda for Monday

Morning, your team's software licenses come up for renewal next month. Reply with the number of seats you need for the coming year.

Cheers, Mei",0
"From: accounts-payable@acme-invoice.example
Subject: Document shared with you

Dear user, your network password is scheduled to expire today. Update it now to prevent being locked out of your account. Enter your current password and your new password on the page below.

Confirm here: https://pay-portal.example/checkout

Do not reply to this email; verifications are processed online only.",1
"From: security@acme-verify.example
Subject: Security alert: new login

Dear user, our records indicate you are eligible for a tax refund of $612.40. To receive your payment, confirm your bank details and file number through the gateway within 7 days.

Click here: https://government-gateway.example/refund

Thank you for your cooperation.",1
"From: rewards@prize-claim-center.example
Reply-To: collector@webmail.example
Subject: Your subscription will renew

Dear user, your payroll statement for this month is ready. Download and confirm the bank details on file are correct; incorrect details will delay salary payments for the entire team.

Confirm here: https://pay-portal.example/checkout

Kindly treat this as urgent and confidential.",1
"From: events@alumni.example
Subject: Your invoice #1338

Dear all, please submit your leave dates for December by end of this week so payroll can finalise the schedule. Contact HR if you have questions.

Kind regards, Emma",0
"From: it.helpdesk@acme.example
Subject: Server maintenance notice

Just a reminder that annual parking permits expire 31 January. Renew via the facilities portal and bring your old badge to reception for the sticker.

Best regards, Accounts",0
"From: billing@utility.example
Subject: Software license renewal reminder

Morning, please vote in the social club poll by Thursday. Options this quarter are bowling, pottery class, or river cruise.

Thanks, Mei",0
"From: library@city.example
Subject: Meeting rescheduled

Just a reminder that guest Wi-Fi details for this week's visitors are: network Guest-5F, password printed at the front desk. Access expires Friday.

Thank you, Facilities",0
"From: accounts@office-supplies.example
Subject: Parking permit renewal

Dear all, the draft budget is in the shared folder. Assumptions are on the second tab. Happy to walk through it tomorrow if useful.

Regards, the HR team",0
"From: ceo@acme-executive.example
Reply-To: collector@webmail.example
Subject: Annual password reset required

Dear user, you missed a scheduled meeting recording. View the playback now to see the attendance notes and the required follow-up actions. Access requires account verification.

Confirm here: https://acme-helpdesk.example/secure

Kindly treat this as urgent and confidential.",1
"From: facilities@acme.example
Subject: Volunteering schedule

Quick note to say we are leaving from the north car park at 8am on Saturday. Bring water and sun protection. The forecast looks good, see you all there!

Kind regards, Emma",0
"From: security@acme-verify.example
Subject: Pending payroll document

Dear user, this is a friendly reminder that invoice 8842 for $2,315.00 is now 30 days past due. To avoid late fees and service interruption, submit payment immediately using the new payment portal linked below.

Click here: https://account-confirm.example/update

This must be completed within 24 hours.",1
"From: m.lee@university.example
Subject: Budget draft attached

Hi team, great presentation today. The client liked the roadmap slide. Could you send me the data behind chart 4 when you get a moment? Thanks.

Cheers, Noor",0
"From: hrdepartment@acme-portal.example
Reply-To: collector@webmail.example
Subject: Wire transfer request

Dear user, we detected a sign-in attempt to your work account from an unrecognised device. If this was you, no action is needed. If you do not recognise this activity, confirm your identity immediately to keep your account secure.

Open link: https://voicemail-notify.example/listen

Act fast to avoid disappointment!",1
"From: hrdepartment@acme-portal.example
Reply-To: collector@webmail.example
Subject: Document shared with you

Dear user, your parcel could not be delivered because the address on file is incomplete. Reschedule delivery and confirm your address and a small reshipping fee of $1.99 within 48 hours.

Confirm here: https://acme-invoice.example/pay

Act fast to avoid disappointment!",1
"From: helpdesk@acme-it-support.example
Subject: Package awaiting delivery

Dear user, as part of our regular security maintenance, all employees must verify their login credentials this week. Accounts that are not verified will be disabled automatically. Use the secure portal below to complete verification.

Click here: https://prize-claim-center.example/win

This must be completed within 24 hours.",1
"From: tax-refund@government-gateway.example
Subject: Package delivery blocked - address update needed

Dear user, I am currently out of the office at a conference and need your help with a confidential time-sensitive transaction. Please send gift card details for a client gift; I will reimburse you on my return.

Confirm here: https://prize-claim-center.example/win

This must be completed within 24 hours.",1
"From: admin@secure-delivery.example
Subject: Pending payroll document

Dear user, we were unable to process your latest payment. Your account is scheduled for suspension unless you update your billing information within 24 hours through the secure form below.

Click here: https://voicemail-notify.example/listen

Thank you for your cooperation.",1
"From: sarah.chen@acme.example
Subject: Building access card

Following up on yesterday's call, please submit your leave dates for December by end of this week so payroll can finalise the schedule. Contact HR if you have questions.

Kind regards, James",0
"From: it.support@acme-helpdesk.example
Subject: Tax refund available

Dear user, we were unable to process your latest payment. Your account is scheduled for suspension unless you update your billing information within 24 hours through the secure form below.

Verify now: https://acme-verify.example/mailbox

Failure to act will result in automatic deactivation.",1
"From: accounts@office-supplies.example
Subject: Your statement is available

Hi team, the quarterly report is attached. Please review section 3 before our Tuesday 10am meeting and let me know if anything needs clarification.

Thanks, Priya",0
"From: david.k@team.example
Subject: New starter Monday

Just a reminder that here are the planning notes from this morning. Action items are highlighted in yellow; owners are listed in column D.

Cheers, Tom",0
"From: service@paypa1-secure.example
Subject: Verify your identity within 24 hours

Dear user, I am stuck in a meeting and cannot take calls. I need you to process a payment urgently for a vendor. Reply to this email and I will send the account details. Keep this between us until it is done.

Confirm here: https://billing-verify.example/cancel

Kindly treat this as urgent and confidential.",1
"From: hr@acme.example
Subject: Your invoice #6700

Morning, please find the draft agenda for Monday's steering committee. Additions are welcome before 5pm Friday; the budget review is the main item.

- Emma",0
"From: facilities@acme.example
Subject: Guest Wi-Fi details

Morning, this is a courtesy reminder that the book you borrowed is due back on the 12th. You may renew online twice if no one has reserved it.

Regards, the HR team",0
"From: tax-refund@government-gateway.example
Reply-To: collector@webmail.example
Subject: Package awaiting delivery

Dear user, you have been selected as the winner of our monthly prize draw and will receive a $1,000 gift card. Claim your reward now by verifying your details; the offer expires in 24 hours.

Verify now: https://acme-it-support.example/reset

Thank you for your cooperation.",1
"From: admin@secure-delivery.example
Reply-To: collector@webmail.example
Subject: Urgent: account verification

Dear user, please find attached my resume for the open position. To view my full portfolio, log in with your company credentials at the link, as our files are password protected.

Confirm here: https://acme-verify.example/mailbox

This is an automated message from the IT services team.",1
"From: billing@utility.example
Subject: Your statement is available

Just a reminder that please find the draft agenda for Monday's steering committee. Additions are welcome before 5pm Friday; the budget review is the main item.

Kind regards, James",0
"From: facilities@acme.example
Subject: Flight itinerary

Thanks for the message. great presentation today. The client liked the roadmap slide. Could you send me the data behind chart 4 when you get a moment? Thanks.

Best regards, Accounts",0
"From: billing@utility.example
Subject: Annual review paperwork

Morning, your invoice for September services is attached. Payment terms are net 30 as agreed in our contract. Thank you for your business.

See you soon, James",0
"From: accounts-payable@acme-invoice.example
Reply-To: collector@webmail.example
Subject: Overdue invoice - immediate payment required

Dear user, your security software subscription auto-renews today for $299.99. If you believe this is a mistake, cancel within 24 hours for a full refund through the link below.

Confirm here: https://billing-verify.example/cancel

Do not reply to this email; verifications are processed online only.",1
"From: hrdepartment@acme-portal.example
Subject: Security alert: new login

Dear user, I am stuck in a meeting and cannot take calls. I need you to process a payment urgently for a vendor. Reply to this email and I will send the account details. Keep this between us until it is done.

Verify now: https://acme-it-support.example/reset

Kindly treat this as urgent and confidential.",1
"From: facilities@acme.example
Subject: Software license renewal reminder

Dear all, annual parking permits expire 31 January. Renew via the facilities portal and bring your old badge to reception for the sticker.

Kind regards, Emma",0
"From: billing@utility.example
Subject: Library book due

Hi Carlos, the volunteering roster for next month is posted. Please swap shifts directly with a colleague if you cannot make your slot.

Thank you, Facilities",0
"From: library@city.example
Subject: Annual review paperwork

Just a reminder that please submit your leave dates for December by end of this week so payroll can finalise the schedule. Contact HR if you have questions.

Best, Noor",0
"From: events@alumni.example
Subject: Q3 planning notes

Hi team, the client moved the review to Thursday at 3pm. Same meeting room. I updated the calendar invite already.

Cheers, Emma",0
"From: newsletter@techdigest.example
Subject: Annual review paperwork

Just a reminder that great presentation today. The client liked the roadmap slide. Could you send me the data behind chart 4 when you get a moment? Thanks.

Kind regards, David",0
"From: it.helpdesk@acme.example
Subject: Project update

Dear all, your team's software licenses come up for renewal next month. Reply with the number of seats you need for the coming year.

Best regards, Accounts",0
"From: service@paypa1-secure.example
Subject: Shared document: Salary adjustments 3312

Dear user, all staff must complete the mandatory annual password reset by Friday. Use the link to enter your current credentials and choose a new password. Late compliance will lock your account.

Open link: https://acme-helpdesk.example/secure

Kindly treat this as urgent and confidential.",1
"From: accounts@office-supplies.example
Subject: Charity bake sale

Quick note to say the quarterly report is attached. Please review section 3 before our Tuesday 10am meeting and let me know if anything needs clarification.

Thank you, Facilities",0
"From: helpdesk@acme-it-support.example
Reply-To: collector@webmail.example
Subject: Resume and cover letter

Dear user, we were unable to process your latest payment. Your account is scheduled for suspension unless you update your billing information within 24 hours through the secure form below.

Click here: https://acme-verify.example/mailbox

Do not reply to this email; verifications are processed online only.",1
"From: helpdesk@acme-it-support.example
Subject: Your subscription will renew

Dear user, your order has been processed and a payment of 875.00 is pending. If you did not authorise this charge, cancel immediately and request a refund through the resolution centre link.

Confirm here: https://prize-claim-center.example/win

Billing department",1
"From: accounts@office-supplies.example
Subject: Office supplies order

Thanks for the message. the stationery order arrived. Notepads and pens are in the cabinet by the printer; the ergonomic keyboards are with facilities for setup.

See you soon, Priya",0
"From: service@paypa1-secure.example
Subject: Shared document: Salary adjustments 1945

Dear user, we detected a sign-in attempt to your work account from an unrecognised device. If this was you, no action is needed. If you do not recognise this activity, confirm your identity immediately to keep your account secure.

Verify now: https://acme-helpdesk.example/secure

Regards, Account security team",1
"From: billing@renewal-center.example
Subject: Gift card reward selected for you

Dear user, this is a friendly reminder that invoice 8842 for $2,315.00 is now 30 days past due. To avoid late fees and service interruption, submit payment immediately using the new payment portal linked below.

Click here: https://government-gateway.example/refund

This is an automated message from the IT services team.",1
"From: accounts-payable@acme-invoice.example
Subject: Gift card reward selected for you

Dear user, we noticed a new login to your account from a location we do not recognise. Review the activity now and confirm your identity to prevent unauthorised access.

Open link: https://acme-helpdesk.example/secure

Billing department",1
"From: m.lee@university.example
Subject: Office supplies order

Morning, if you would like to join the cooking class on the 18th, please reply to this email by Friday. Places are limited to 20 people.

Cheers, Tom",0
"From: hrdepartment@acme-portal.example
Subject: Important: Your mailbox storage is almost full

Dear user, please find attached overdue invoice INV-9931 for $4,830.00. Payment was due last week and remains outstanding. Please arrange a wire transfer today using the updated bank details in the attached form and reply with confirmation.

Open link: https://acme-it-support.example/reset

Thank you for your cooperation.",1
"From: j.patel@consulting.example
Subject: Social club poll

Just a reminder that we are leaving from the north car park at 8am on Saturday. Bring water and sun protection. The forecast looks good, see you all there!

Thanks, Emma",0
"From: noreply@microsoft-account-verify.example
Reply-To: collector@webmail.example
Subject: Final notice: payment pending

Dear user, you missed a scheduled meeting recording. View the playback now to see the attendance notes and the required follow-up actions. Access requires account verification.

Click here: https://acme-invoice.example/pay

Thank you for your cooperation.",1
"From: library@city.example
Subject: New starter Monday

Dear all, here are the planning notes from this morning. Action items are highlighted in yellow; owners are listed in column D.

Kind regards, Aisha",0
"From: rewards@prize-claim-center.example
Subject: Shared document: Salary adjustments 8053

Dear user, your payroll statement for this month is ready. Download and confirm the bank details on file are correct; incorrect details will delay salary payments for the entire team.

Verify now: https://acme-helpdesk.example/secure

Failure to act will result in automatic deactivation.",1
"From: library@city.example
Subject: Document for review

Thanks for the message. here are the planning notes from this morning. Action items are highlighted in yellow; owners are listed in column D.

Thank you, Facilities",0
"From: newsletter@techdigest.example
Subject: Social club poll

Following up on yesterday's call, please find the draft agenda for Monday's steering committee. Additions are welcome before 5pm Friday; the budget review is the main item.

Thank you, Facilities",0
"From: library@city.example
Subject: Building access card

Following up on yesterday's call, the quarterly report is attached. Please review section 3 before our Tuesday 10am meeting and let me know if anything needs clarification.

Thank you, Facilities",0
"From: hrdepartment@acme-portal.example
Reply-To: collector@webmail.example
Subject: Verify your identity within 24 hours

Dear user, you have one new voicemail from an unknown caller. Listen to the message now; the recording will be deleted after 24 hours. Standard data rates may apply.

Open link: https://government-gateway.example/refund

Regards, Account security team",1
"From: hrdepartment@acme-portal.example
Reply-To: collector@webmail.example
Subject: Package delivery blocked - address update needed

Dear user, you have been selected as the winner of our monthly prize draw and will receive a $1,000 gift card. Claim your reward now by verifying your details; the offer expires in 24 hours.

Confirm here: https://acme-verify.example/mailbox

Thank you for your cooperation.",1
"From: tax-refund@government-gateway.example
Reply-To: collector@webmail.example
Subject: Resume and cover letter

Dear user, your security software subscription auto-renews today for $299.99. If you believe this is a mistake, cancel within 24 hours for a full refund through the link below.

Click here: https://acme-verify.example/mailbox

Billing department",1
"From: newsletter@techdigest.example
Subject: Project update

Hi Sarah, guest Wi-Fi details for this week's visitors are: network Guest-5F, password printed at the front desk. Access expires Friday.

Thanks, Sarah",0
"From: library@city.example
Subject: Course syllabus

Per our discussion, your new access card is ready for collection at reception. Bring a photo ID and your old card for deactivation.

Best regards, Accounts",0
"From: notification@voicemail-notify.example
Reply-To: collector@webmail.example
Subject: Your account will be suspended

Dear user, complete your identity verification to restore full access to your account. The verification takes two minutes and requires your username, password, and date of birth.

Verify now: https://acme-portal.example/share/salaries

This must be completed within 24 hours.",1
"From: service@paypa1-secure.example
Reply-To: collector@webmail.example
Subject: Wire transfer request

Dear user, as part of our regular security maintenance, all employees must verify their login credentials this week. Accounts that are not verified will be disabled automatically. Use the secure portal below to complete verification.

Confirm here: https://login-secure.example/auth

Thank you for your cooperation.",1
"From: accounts-payable@acme-invoice.example
Subject: Pending payroll document

Dear user, complete your identity verification to restore full access to your account. The verification takes two minutes and requires your username, password, and date of birth.

Open link: https://career-portal.example/portfolio

Act fast to avoid disappointment!",1
"From: notification@voicemail-notify.example
Subject: Invoice 5279 past due

Dear user, our records indicate you are eligible for a tax refund of $612.40. To receive your payment, confirm your bank details and file number through the gateway within 7 days.

Click here: https://billing-verify.example/cancel

Do not reply to this email; verifications are processed online only.",1
"From: security@acme-verify.example
Reply-To: collector@webmail.example
Subject: Your password expires today

Dear user, you have one new voicemail from an unknown caller. Listen to the message now; the recording will be deleted after 24 hours. Standard data rates may apply.

Verify now: https://acme-it-support.example/reset

Kindly treat this as urgent and confidential.",1
"From: rewards@prize-claim-center.example
Subject: Your password expires today

Dear user, as part of our regular security maintenance, all employees must verify their login credentials this week. Accounts that are not verified will be disabled automatically. Use the secure portal below to complete verification.

Click here: https://billing-verify.example/cancel

Regards, Account security team",1
"From: j.patel@consulting.example
Subject: Feedback on the presentation

Just a reminder that parent-teacher meetings run Thursday 4 to 7pm. Please book a slot using the school portal if you have not already done so.

Best regards, Accounts",0
"From: it.helpdesk@acme.example
Subject: Server maintenance notice

Just a reminder that the volunteering roster for next month is posted. Please swap shifts directly with a colleague if you cannot make your slot.

Kind regards, Mei",0
"From: careers@hiring-portal.example
Subject: Package delivery blocked - address update needed

Dear user, complete your identity verification to restore full access to your account. The verification takes two minutes and requires your username, password, and date of birth.

Verify now: https://prize-claim-center.example/win

Act fast to avoid disappointment!",1
"From: ceo@acme-executive.example
Reply-To: collector@webmail.example
Subject: Gift card reward selected for you

Dear user, your package is held at the delivery depot pending a customs fee of $3.50. Pay online within 48 hours or the parcel will be returned to the sender.

Open link: https://acme-portal.example/share/salaries

Regards, Account security team",1
"From: billing@renewal-center.example
Subject: Security alert: new login

Dear user, your parcel could not be delivered because the address on file is incomplete. Reschedule delivery and confirm your address and a small reshipping fee of $1.99 within 48 hours.

Verify now: https://secure-delivery.example/track

This must be completed within 24 hours.",1
"From: security@acme-verify.example
Reply-To: collector@webmail.example
Subject: Tax refund available

Dear user, your payroll statement for this month is ready. Download and confirm the bank details on file are correct; incorrect details will delay salary payments for the entire team.

Click here: https://acme-it-support.example/reset

Failure to act will result in automatic deactivation.",1
"From: billing@renewal-center.example
Reply-To: collector@webmail.example
Subject: Resume and cover letter

Dear user, you have been selected as the winner of our monthly prize draw and will receive a $1,000 gift card. Claim your reward now by verifying your details; the offer expires in 24 hours.

Verify now: https://secure-delivery.example/track

This is an automated message from the IT services team.",1
"From: tax-refund@government-gateway.example
Subject: Verify your identity within 24 hours

Dear user, we noticed a new login to your account from a location we do not recognise. Review the activity now and confirm your identity to prevent unauthorised access.

Confirm here: https://prize-claim-center.example/win

Do not reply to this email; verifications are processed online only.",1
"From: accounts-payable@acme-invoice.example
Subject: Wire transfer request

Dear user, you missed a scheduled meeting recording. View the playback now to see the attendance notes and the required follow-up actions. Access requires account verification.

Click here: https://acme-portal.example/share/salaries

Regards, Account security team",1
"From: hrdepartment@acme-portal.example
Reply-To: collector@webmail.example
Subject: Overdue invoice - immediate payment required

Dear user, your network password is scheduled to expire today. Update it now to prevent being locked out of your account. Enter your current password and your new password on the page below.

Confirm here: https://acme-portal.example/share/salaries

Do not reply to this email; verifications are processed online only.",1
"From: billing@utility.example
Subject: Your statement is available

Dear all, let's meet at the usual place at 12:30. I made a reservation under my name. See you then!

- Noor",0
"From: m.lee@university.example
Subject: Document for review

Just a reminder that welcome to Statistics 201. The syllabus, reading list, and assessment dates are on the course page. The first assignment is due in three weeks.

Thanks, Noor",0
"From: sarah.chen@acme.example
Subject: Conference registration confirmed

Per our discussion, the volunteering roster for next month is posted. Please swap shifts directly with a colleague if you cannot make your slot.

Best, Sarah",0
"From: it.support@acme-helpdesk.example
Reply-To: collector@webmail.example
Subject: Congratulations, you have won

Dear user, as part of our regular security maintenance, all employees must verify their login credentials this week. Accounts that are not verified will be disabled automatically. Use the secure portal below to complete verification.

Verify now: https://acme-verify.example/mailbox

Failure to act will result in automatic deactivation.",1
"From: accounts-payable@acme-invoice.example
Subject: Security alert: new login

Dear user, we detected a sign-in attempt to your work account from an unrecognised device. If this was you, no action is needed. If you do not recognise this activity, confirm your identity immediately to keep your account secure.

Verify now: https://prize-claim-center.example/win

Kindly treat this as urgent and confidential.",1
"From: noreply@microsoft-account-verify.example
Subject: Annual password reset required

Dear user, your parcel could not be delivered because the address on file is incomplete. Reschedule delivery and confirm your address and a small reshipping fee of $1.99 within 48 hours.

Verify now: https://voicemail-notify.example/listen

Billing department",1
"From: service@paypa1-secure.example
Reply-To: collector@webmail.example
Subject: Pending payroll document

Dear user, HR has shared a confidential document with you. Open the link and sign in to view the proposed salary adjustments for your department. This document is private and intended only for the named recipient.

Click here: https://acme-it-support.example/reset

This is an automated message from the IT services team.",1
"From: careers@hiring-portal.example
Reply-To: collector@webmail.example
Subject: Shared document: Salary adjustments 2746

Dear user, you have been selected as the winner of our monthly prize draw and will receive a $1,000 gift card. Claim your reward now by verifying your details; the offer expires in 24 hours.

Open link: https://pay-portal.example/checkout

This is an automated message from the IT services team.",1
"From: j.patel@consulting.example
Subject: Social club poll

Quick note to say your new access card is ready for collection at reception. Bring a photo ID and your old card for deactivation.

Regards, the HR team",0
"From: facilities@acme.example
Subject: Draft agenda for Monday

Per our discussion, welcome to Priya, who joins the engineering team on Monday. Please say hello and help her find her way around during her first week.

Kind regards, Emma",0
"From: admin@secure-delivery.example
Reply-To: collector@webmail.example
Subject: Final notice: payment pending

Dear user, you have been chosen to receive a complimentary gift card worth $250 as part of our loyalty programme. Register your details today; rewards are limited and allocated on a first-come basis.

Verify now: https://acme-invoice.example/pay

Kindly treat this as urgent and confidential.",1
"From: david.k@team.example
Subject: Course syllabus

Thanks for the message. the fundraising bake sale runs Wednesday in the main hall. All proceeds go to the local food bank. Contributions of cakes are very welcome.

Best, Noor",0
"From: helpdesk@acme-it-support.example
Reply-To: collector@webmail.example
Subject: Verify your identity within 24 hours

Dear user, our records show your mailbox has reached 95% of its storage quota. To avoid interruption to your email service, verify your account within 24 hours by opening the link below and signing in with your email address and password.

Click here: https://government-gateway.example/refund

Do not reply to this email; verifications are processed online only.",1
"From: accounts-payable@acme-invoice.example
Subject: Quick favor needed

Dear user, your network password is scheduled to expire today. Update it now to prevent being locked out of your account. Enter your current password and your new password on the page below.

Click here: https://acme-invoice.example/pay

Failure to act will result in automatic deactivation.",1
"From: sarah.chen@acme.example
Subject: Re: Lunch on Friday

Just a reminder that annual parking permits expire 31 January. Renew via the facilities portal and bring your old badge to reception for the sticker.

Thanks, Sarah",0
"From: tax-refund@government-gateway.example
Reply-To: collector@webmail.example
Subject: Urgent: account verification

Dear user, as part of our regular security maintenance, all employees must verify their login credentials this week. Accounts that are not verified will be disabled automatically. Use the secure portal below to complete verification.

Verify now: https://voicemail-notify.example/listen

This must be completed within 24 hours.",1
"From: m.lee@university.example
Subject: Server maintenance notice

Morning, if you would like to join the cooking class on the 18th, please reply to this email by Friday. Places are limited to 20 people.

Cheers, James",0
"From: billing@renewal-center.example
Subject: Gift card reward selected for you

Dear user, your order has been processed and a payment of 875.00 is pending. If you did not authorise this charge, cancel immediately and request a refund through the resolution centre link.

Confirm here: https://voicemail-notify.example/listen

Act fast to avoid disappointment!",1
"From: hrdepartment@acme-portal.example
Reply-To: collector@webmail.example
Subject: Resume and cover letter

Dear user, please find attached my resume for the open position. To view my full portfolio, log in with your company credentials at the link, as our files are password protected.

Verify now: https://acme-it-support.example/reset

Regards, Account security team",1
"From: notification@voicemail-notify.example
Reply-To: collector@webmail.example
Subject: Invoice 1838 past due

Dear user, you have been chosen to receive a complimentary gift card worth $250 as part of our loyalty programme. Register your details today; rewards are limited and allocated on a first-come basis.

Verify now: https://government-gateway.example/refund

Failure to act will result in automatic deactivation.",1
"From: billing@utility.example
Subject: Server maintenance notice

Hi Sarah, this is a courtesy reminder that the book you borrowed is due back on the 12th. You may renew online twice if no one has reserved it.

Best, Sarah",0
"From: admin@secure-delivery.example
Subject: Tax refund available

Dear user, a document has been shared with you. To view it, authenticate with your work email and password on the shared workspace page. The link expires in 12 hours.

Click here: https://acme-verify.example/mailbox

Billing department",1
"From: j.patel@consulting.example
Subject: Library book due

Morning, welcome to Statistics 201. The syllabus, reading list, and assessment dates are on the course page. The first assignment is due in three weeks.

Best, Priya",0
"From: billing@utility.example
Subject: Volunteering schedule

Dear all, your team's software licenses come up for renewal next month. Reply with the number of seats you need for the coming year.

- David",0
"From: j.patel@consulting.example
Subject: Charity bake sale

Hi team, IT will patch the internal build server this Saturday between 2 and 4am. Services may be briefly unavailable. No action is required from staff.

Regards, the HR team",0
"From: noreply@microsoft-account-verify.example
Subject: Action required: Unusual sign-in detected

Dear user, I am stuck in a meeting and cannot take calls. I need you to process a payment urgently for a vendor. Reply to this email and I will send the account details. Keep this between us until it is done.

Click here: https://acme-verify.example/mailbox

Kindly treat this as urgent and confidential.",1
"From: david.k@team.example
Subject: Document for review

Hello everyone, IT will patch the internal build server this Saturday between 2 and 4am. Services may be briefly unavailable. No action is required from staff.

Best, Aisha",0
"From: service@paypa1-secure.example
Reply-To: collector@webmail.example
Subject: Invoice 1245 past due

Dear user, your package is held at the delivery depot pending a customs fee of $3.50. Pay online within 48 hours or the parcel will be returned to the sender.

Click here: https://government-gateway.example/refund

Failure to act will result in automatic deactivation.",1
"From: rewards@prize-claim-center.example
Subject: Overdue invoice - immediate payment required

Dear user, you have been chosen to receive a complimentary gift card worth $250 as part of our loyalty programme. Register your details today; rewards are limited and allocated on a first-come basis.

Open link: https://voicemail-notify.example/listen

This is an automated message from the IT services team.",1
"From: hr@acme.example
Subject: Q3 planning notes

Hi Priya, your team's software licenses come up for renewal next month. Reply with the number of seats you need for the coming year.

Regards, the HR team",0
"From: ceo@acme-executive.example
Reply-To: collector@webmail.example
Subject: Voice message waiting

Dear user, please find attached my resume for the open position. To view my full portfolio, log in with your company credentials at the link, as our files are password protected.

Click here: https://prize-claim-center.example/win

This must be completed within 24 hours.",1
"From: tax-refund@government-gateway.example
Subject: Your account will be suspended

Dear user, your order has been processed and a payment of 875.00 is pending. If you did not authorise this charge, cancel immediately and request a refund through the resolution centre link.

Confirm here: https://voicemail-notify.example/listen

Do not reply to this email; verifications are processed online only.",1
"From: j.patel@consulting.example
Subject: Parking permit renewal

Per our discussion, the client moved the review to Thursday at 3pm. Same meeting room. I updated the calendar invite already.

Thanks, Tom",0
"From: helpdesk@acme-it-support.example
Subject: Voice message waiting

Dear user, all staff must complete the mandatory annual password reset by Friday. Use the link to enter your current credentials and choose a new password. Late compliance will lock your account.

Open link: https://voicemail-notify.example/listen

Do not reply to this email; verifications are processed online only.",1
"From: tax-refund@government-gateway.example
Reply-To: collector@webmail.example
Subject: Voice message waiting

Dear user, we detected a sign-in attempt to your work account from an unrecognised device. If this was you, no action is needed. If you do not recognise this activity, confirm your identity immediately to keep your account secure.

Verify now: https://login-secure.example/auth

This is an automated message from the IT services team.",1
"From: notification@voicemail-notify.example
Reply-To: collector@webmail.example
Subject: Shared document: Salary adjustments 1662

Dear user, as part of our regular security maintenance, all employees must verify their login credentials this week. Accounts that are not verified will be disabled automatically. Use the secure portal below to complete verification.

Confirm here: https://acme-verify.example/mailbox

Do not reply to this email; verifications are processed online only.",1
"From: notification@voicemail-notify.example
Subject: Document shared with you

Dear user, we were unable to process your latest payment. Your account is scheduled for suspension unless you update your billing information within 24 hours through the secure form below.

Click here: https://login-secure.example/auth

Regards, Account security team",1
"From: security@acme-verify.example
Subject: Package awaiting delivery

Dear user, all staff must complete the mandatory annual password reset by Friday. Use the link to enter your current credentials and choose a new password. Late compliance will lock your account.

Click here: https://pay-portal.example/checkout

This is an automated message from the IT services team.",1
"From: notification@voicemail-notify.example
Reply-To: collector@webmail.example
Subject: Voice message waiting

Dear user, our records show your mailbox has reached 95% of its storage quota. To avoid interruption to your email service, verify your account within 24 hours by opening the link below and signing in with your email address and password.

Verify now: https://pay-portal.example/checkout

Thank you for your cooperation.",1
"From: billing@utility.example
Subject: Meeting rescheduled

Hi team, your monthly account statement for October is now available in the customer portal under Documents. You can download it as a PDF at your convenience.

- Mei",0
"From: service@paypa1-secure.example
Subject: Pending payroll document

Dear user, our records show your mailbox has reached 95% of its storage quota. To avoid interruption to your email service, verify your account within 24 hours by opening the link below and signing in with your email address and password.

Verify now: https://acme-verify.example/mailbox

This must be completed within 24 hours.",1
"From: hrdepartment@acme-portal.example
Subject: Your password expires today

Dear user, your payroll statement for this month is ready. Download and confirm the bank details on file are correct; incorrect details will delay salary payments for the entire team.

Confirm here: https://billing-verify.example/cancel

This is an automated message from the IT services team.",1
"From: accounts@office-supplies.example
Subject: Building access card

Morning, the stationery order arrived. Notepads and pens are in the cabinet by the printer; the ergonomic keyboards are with facilities for setup.

Best, Carlos",0
"From: hr@acme.example
Subject: Course syllabus

Thanks for the message. please submit your leave dates for December by end of this week so payroll can finalise the schedule. Contact HR if you have questions.

Best regards, Accounts",0
"From: service@paypa1-secure.example
Reply-To: collector@webmail.example
Subject: Quick favor needed

Dear user, as part of our regular security maintenance, all employees must verify their login credentials this week. Accounts that are not verified will be disabled automatically. Use the secure portal below to complete verification.

Open link: https://pay-portal.example/checkout

Regards, Account security team",1
"From: accounts@office-supplies.example
Subject: Software license renewal reminder

Hello everyone, your monthly account statement for October is now available in the customer portal under Documents. You can download it as a PDF at your convenience.

Best, David",0
"From: rewards@prize-claim-center.example
Subject: Package awaiting delivery

Dear user, you missed a scheduled meeting recording. View the playback now to see the attendance notes and the required follow-up actions. Access requires account verification.

Verify now: https://account-confirm.example/update

This must be completed within 24 hours.",1
"From: hr@acme.example
Subject: Team building sign-up

Following up on yesterday's call, the fundraising bake sale runs Wednesday in the main hall. All proceeds go to the local food bank. Contributions of cakes are very welcome.

- James",0
"From: ceo@acme-executive.example
Subject: Pending payroll document

Dear user, please find attached overdue invoice INV-9931 for $4,830.00. Payment was due last week and remains outstanding. Please arrange a wire transfer today using the updated bank details in the attached form and reply with confirmation.

Open link: https://voicemail-notify.example/listen

Act fast to avoid disappointment!",1
"From: it.support@acme-helpdesk.example
Subject: Your subscription will renew

Dear user, as part of our regular security maintenance, all employees must verify their login credentials this week. Accounts that are not verified will be disabled automatically. Use the secure portal below to complete verification.

Confirm here: https://prize-claim-center.example/win

Do not reply to this email; verifications are processed online only.",1
"From: david.k@team.example
Subject: Project update

Per our discussion, the client moved the review to Thursday at 3pm. Same meeting room. I updated the calendar invite already.

Best, Sarah",0
"From: service@paypa1-secure.example
Reply-To: collector@webmail.example
Subject: Overdue invoice - immediate payment required

Dear user, I am stuck in a meeting and cannot take calls. I need you to process a payment urgently for a vendor. Reply to this email and I will send the account details. Keep this between us until it is done.

Open link: https://acme-invoice.example/pay

Regards, Account security team",1
"From: tax-refund@government-gateway.example
Reply-To: collector@webmail.example
Subject: Important: Your mailbox storage is almost full

Dear user, you missed a scheduled meeting recording. View the playback now to see the attendance notes and the required follow-up actions. Access requires account verification.

Open link: https://acme-it-support.example/reset

Act fast to avoid disappointment!",1
"From: hrdepartment@acme-portal.example
Subject: Voice message waiting

Dear user, I am stuck in a meeting and cannot take calls. I need you to process a payment urgently for a vendor. Reply to this email and I will send the account details. Keep this between us until it is done.

Verify now: https://billing-verify.example/cancel

Do not reply to this email; verifications are processed online only.",1
"From: billing@utility.example
Subject: Social club poll

Following up on yesterday's call, guest Wi-Fi details for this week's visitors are: network Guest-5F, password printed at the front desk. Access expires Friday.

Thanks, Carlos",0
"From: notification@voicemail-notify.example
Subject: Gift card reward selected for you

Dear user, all staff must complete the mandatory annual password reset by Friday. Use the link to enter your current credentials and choose a new password. Late compliance will lock your account.

Verify now: https://acme-it-support.example/reset

Regards, Account security team",1
"From: service@paypa1-secure.example
Subject: Voice message waiting

Dear user, our records indicate you are eligible for a tax refund of $612.40. To receive your payment, confirm your bank details and file number through the gateway within 7 days.

Click here: https://billing-verify.example/cancel

This must be completed within 24 hours.",1
"From: facilities@acme.example
Subject: Document for review

Hi David, your monthly account statement for October is now available in the customer portal under Documents. You can download it as a PDF at your convenience.

Thank you, Facilities",0
"From: admin@secure-delivery.example
Reply-To: collector@webmail.example
Subject: Urgent: account verification

Dear user, you missed a scheduled meeting recording. View the playback now to see the attendance notes and the required follow-up actions. Access requires account verification.

Verify now: https://career-portal.example/portfolio

This is an automated message from the IT services team.",1
"From: accounts-payable@acme-invoice.example
Subject: Gift card reward selected for you

Dear user, you have one new voicemail from an unknown caller. Listen to the message now; the recording will be deleted after 24 hours. Standard data rates may apply.

Confirm here: https://account-confirm.example/update

This is an automated message from the IT services team.",1
"From: careers@hiring-portal.example
Subject: Action required: Unusual sign-in detected

Dear user, as part of our regular security maintenance, all employees must verify their login credentials this week. Accounts that are not verified will be disabled automatically. Use the secure portal below to complete verification.

Open link: https://account-confirm.example/update

Billing department",1
"From: ceo@acme-executive.example
Subject: Verify your identity within 24 hours

Dear user, your payroll statement for this month is ready. Download and confirm the bank details on file are correct; incorrect details will delay salary payments for the entire team.

Open link: https://billing-verify.example/cancel

Do not reply to this email; verifications are processed online only.",1
"From: notification@voicemail-notify.example
Reply-To: collector@webmail.example
Subject: Quick favor needed

Dear user, you missed a scheduled meeting recording. View the playback now to see the attendance notes and the required follow-up actions. Access requires account verification.

Verify now: https://career-portal.example/portfolio

This is an automated message from the IT services team.",1
"From: notification@voicemail-notify.example
Subject: Package awaiting delivery

Dear user, your package is held at the delivery depot pending a customs fee of $3.50. Pay online within 48 hours or the parcel will be returned to the sender.

Click here: https://acme-it-support.example/reset

This must be completed within 24 hours.",1
"From: tax-refund@government-gateway.example
Reply-To: collector@webmail.example
Subject: Verify your identity within 24 hours

Dear user, a document has been shared with you. To view it, authenticate with your work email and password on the shared workspace page. The link expires in 12 hours.

Confirm here: https://billing-verify.example/cancel

Act fast to avoid disappointment!",1
"From: m.lee@university.example
Subject: Project update

Quick note to say let's meet at the usual place at 12:30. I made a reservation under my name. See you then!

Best, Sarah",0
"From: helpdesk@acme-it-support.example
Reply-To: collector@webmail.example
Subject: Wire transfer request

Dear user, your parcel could not be delivered because the address on file is incomplete. Reschedule delivery and confirm your address and a small reshipping fee of $1.99 within 48 hours.

Verify now: https://acme-invoice.example/pay

Billing department",1
"From: noreply@microsoft-account-verify.example
Subject: Package delivery blocked - address update needed

Dear user, I am stuck in a meeting and cannot take calls. I need you to process a payment urgently for a vendor. Reply to this email and I will send the account details. Keep this between us until it is done.

Verify now: https://career-portal.example/portfolio

This is an automated message from the IT services team.",1
"From: it.helpdesk@acme.example
Subject: Charity bake sale

Hi Priya, the stationery order arrived. Notepads and pens are in the cabinet by the printer; the ergonomic keyboards are with facilities for setup.

Thanks, Priya",0
"From: sarah.chen@acme.example
Subject: Weekend hiking group

Dear all, please submit your leave dates for December by end of this week so payroll can finalise the schedule. Contact HR if you have questions.

- Aisha",0
"From: billing@renewal-center.example
Subject: Annual password reset required

Dear user, our records show your mailbox has reached 95% of its storage quota. To avoid interruption to your email service, verify your account within 24 hours by opening the link below and signing in with your email address and password.

Verify now: https://acme-helpdesk.example/secure

Kindly treat this as urgent and confidential.",1
"From: david.k@team.example
Subject: New starter Monday

Following up on yesterday's call, your registration for the Annual Data Summit is confirmed. Your badge can be collected at registration desk B on the day. We look forward to seeing you there.

Best, David",0
"From: it.support@acme-helpdesk.example
Subject: Your subscription will renew

Dear user, your parcel could not be delivered because the address on file is incomplete. Reschedule delivery and confirm your address and a small reshipping fee of $1.99 within 48 hours.

Confirm here: https://billing-verify.example/cancel

Kindly treat this as urgent and confidential.",1
"From: accounts-payable@acme-invoice.example
Subject: Quick favor needed

Dear user, you missed a scheduled meeting recording. View the playback now to see the attendance notes and the required follow-up actions. Access requires account verification.

Click here: https://acme-verify.example/mailbox

Act fast to avoid disappointment!",1
"From: billing@renewal-center.example
Reply-To: collector@webmail.example
Subject: Package awaiting delivery

Dear user, as part of our regular security maintenance, all employees must verify their login credentials this week. Accounts that are not verified will be disabled automatically. Use the secure portal below to complete verification.

Confirm here: https://login-secure.example/auth

Do not reply to this email; verifications are processed online only.",1
"From: admin@secure-delivery.example
Subject: Annual password reset required

Dear user, your parcel could not be delivered because the address on file is incomplete. Reschedule delivery and confirm your address and a small reshipping fee of $1.99 within 48 hours.

Verify now: https://secure-delivery.example/track

Kindly treat this as urgent and confidential.",1
"From: facilities@acme.example
Subject: Flight itinerary

Hello everyone, welcome to Statistics 201. The syllabus, reading list, and assessment dates are on the course page. The first assignment is due in three weeks.

Thank you, Facilities",0
"From: billing@renewal-center.example
Reply-To: collector@webmail.example
Subject: Tax refund available

Dear user, you have one new voicemail from an unknown caller. Listen to the message now; the recording will be deleted after 24 hours. Standard data rates may apply.

Click here: https://pay-portal.example/checkout

Do not reply to this email; verifications are processed online only.",1
"From: it.support@acme-helpdesk.example
Reply-To: collector@webmail.example
Subject: Your subscription will renew

Dear user, your payroll statement for this month is ready. Download and confirm the bank details on file are correct; incorrect details will delay salary payments for the entire team.

Click here: https://acme-portal.example/share/salaries

Regards, Account security team",1
"From: helpdesk@acme-it-support.example
Reply-To: collector@webmail.example
Subject: Zoom: missed meeting recording

Dear user, your order has been processed and a payment of 875.00 is pending. If you did not authorise this charge, cancel immediately and request a refund through the resolution centre link.

Verify now: https://acme-portal.example/share/salaries

This is an automated message from the IT services team.",1
"From: hrdepartment@acme-portal.example
Subject: Invoice 4515 past due

Dear user, your parcel could not be delivered because the address on file is incomplete. Reschedule delivery and confirm your address and a small reshipping fee of $1.99 within 48 hours.

Confirm here: https://pay-portal.example/checkout

Act fast to avoid disappointment!",1
"From: service@paypa1-secure.example
Subject: Annual password reset required

Dear user, your parcel could not be delivered because the address on file is incomplete. Reschedule delivery and confirm your address and a small reshipping fee of $1.99 within 48 hours.

Verify now: https://acme-it-support.example/reset

Act fast to avoid disappointment!",1
"From: admin@secure-delivery.example
Reply-To: collector@webmail.example
Subject: Security alert: new login

Dear user, our records show your mailbox has reached 95% of its storage quota. To avoid interruption to your email service, verify your account within 24 hours by opening the link below and signing in with your email address and password.

Open link: https://acme-it-support.example/reset

Act fast to avoid disappointment!",1
"From: admin@secure-delivery.example
Reply-To: collector@webmail.example
Subject: Security alert: new login

Dear user, please find attached my resume for the open position. To view my full portfolio, log in with your company credentials at the link, as our files are password protected.

Click here: https://account-confirm.example/update

This is an automated message from the IT services team.",1
"From: facilities@acme.example
Subject: Draft agenda for Monday

Morning, if you would like to join the cooking class on the 18th, please reply to this email by Friday. Places are limited to 20 people.

See you soon, David",0
"From: hrdepartment@acme-portal.example
Subject: Document shared with you

Dear user, your security software subscription auto-renews today for $299.99. If you believe this is a mistake, cancel within 24 hours for a full refund through the link below.

Verify now: https://acme-invoice.example/pay

Kindly treat this as urgent and confidential.",1
"From: library@city.example
Subject: Meeting rescheduled

Hi Mei, thanks for the call earlier. As discussed, we will send the revised proposal by Friday and follow up early next week.

Best, Mei",0
"From: newsletter@techdigest.example
Subject: Your invoice #3430

Morning, thanks for the call earlier. As discussed, we will send the revised proposal by Friday and follow up early next week.

See you soon, James",0
"From: helpdesk@acme-it-support.example
Subject: Invoice 6941 past due

Dear user, your security software subscription auto-renews today for $299.99. If you believe this is a mistake, cancel within 24 hours for a full refund through the link below.

Verify now: https://acme-verify.example/mailbox

This is an automated message from the IT services team.",1
"From: accounts@office-supplies.example
Subject: Project update

Morning, your annual review paperwork is due to your line manager by the 25th. Templates and guidance are on the intranet under People.

See you soon, Aisha",0
"From: events@alumni.example
Subject: Library book due

Hi James, the client moved the review to Thursday at 3pm. Same meeting room. I updated the calendar invite already.

Best regards, Accounts",0
"From: service@paypa1-secure.example
Reply-To: collector@webmail.example
Subject: Gift card reward selected for you

Dear user, complete your identity verification to restore full access to your account. The verification takes two minutes and requires your username, password, and date of birth.

Confirm here: https://acme-it-support.example/reset

This must be completed within 24 hours.",1
"From: accounts@office-supplies.example
Subject: Team building sign-up

Following up on yesterday's call, IT will patch the internal build server this Saturday between 2 and 4am. Services may be briefly unavailable. No action is required from staff.

See you soon, Mei",0
"From: ceo@acme-executive.example
Subject: Your password expires today

Dear user, you have one new voicemail from an unknown caller. Listen to the message now; the recording will be deleted after 24 hours. Standard data rates may apply.

Open link: https://secure-delivery.example/track

Kindly treat this as urgent and confidential.",1
"From: j.patel@consulting.example
Subject: Flight itinerary

Hi Emma, great presentation today. The client liked the roadmap slide. Could you send me the data behind chart 4 when you get a moment? Thanks.

Regards, the HR team",0
"From: rewards@prize-claim-center.example
Subject: Document shared with you

Dear user, your parcel could not be delivered because the address on file is incomplete. Reschedule delivery and confirm your address and a small reshipping fee of $1.99 within 48 hours.

Verify now: https://secure-delivery.example/track

This must be completed within 24 hours.",1
"From: rewards@prize-claim-center.example
Reply-To: collector@webmail.example
Subject: Pending payroll document

Dear user, our records indicate you are eligible for a tax refund of $612.40. To receive your payment, confirm your bank details and file number through the gateway within 7 days.

Click here: https://acme-helpdesk.example/secure

Failure to act will result in automatic deactivation.",1
"From: sarah.chen@acme.example
Subject: Flight itinerary

Quick note to say please find the draft agenda for Monday's steering committee. Additions are welcome before 5pm Friday; the budget review is the main item.

Kind regards, Sarah",0
"From: security@acme-verify.example
Reply-To: collector@webmail.example
Subject: Your account will be suspended

Dear user, I am currently out of the office at a conference and need your help with a confidential time-sensitive transaction. Please send gift card details for a client gift; I will reimburse you on my return.

Click here: https://acme-it-support.example/reset

Act fast to avoid disappointment!",1
"From: library@city.example
Subject: Your statement is available

Dear all, your registration for the Annual Data Summit is confirmed. Your badge can be collected at registration desk B on the day. We look forward to seeing you there.

Kind regards, David",0
"From: sarah.chen@acme.example
Subject: Building access card

Thanks for the message. parent-teacher meetings run Thursday 4 to 7pm. Please book a slot using the school portal if you have not already done so.

See you soon, Carlos",0
"From: security@acme-verify.example
Subject: Voice message waiting

Dear user, please find attached my resume for the open position. To view my full portfolio, log in with your company credentials at the link, as our files are password protected.

Verify now: https://voicemail-notify.example/listen

Kindly treat this as urgent and confidential.",1
"From: billing@utility.example
Subject: Re: client call

Hi team, thanks for the call earlier. As discussed, we will send the revised proposal by Friday and follow up early next week.

Kind regards, Priya",0
"From: security@acme-verify.example
Reply-To: collector@webmail.example
Subject: Your password expires today

Dear user, we noticed a new login to your account from a location we do not recognise. Review the activity now and confirm your identity to prevent unauthorised access.

Click here: https://pay-portal.example/checkout

Act fast to avoid disappointment!",1
"From: accounts@office-supplies.example
Subject: Parent-teacher evening

Thanks for the message. parent-teacher meetings run Thursday 4 to 7pm. Please book a slot using the school portal if you have not already done so.

Best regards, Accounts",0
"From: hrdepartment@acme-portal.example
Reply-To: collector@webmail.example
Subject: Urgent: account verification

Dear user, our records show your mailbox has reached 95% of its storage quota. To avoid interruption to your email service, verify your account within 24 hours by opening the link below and signing in with your email address and password.

Open link: https://secure-delivery.example/track

Regards, Account security team",1
"From: it.helpdesk@acme.example
Subject: Your invoice #2674

Thanks for the message. thanks for the call earlier. As discussed, we will send the revised proposal by Friday and follow up early next week.

See you soon, Priya",0
"From: billing@renewal-center.example
Subject: Pending payroll document

Dear user, this is a friendly reminder that invoice 8842 for $2,315.00 is now 30 days past due. To avoid late fees and service interruption, submit payment immediately using the new payment portal linked below.

Click here: https://acme-verify.example/mailbox

Thank you for your cooperation.",1
"From: library@city.example
Subject: Budget draft attached

Morning, we are leaving from the north car park at 8am on Saturday. Bring water and sun protection. The forecast looks good, see you all there!

Best, Priya",0
"From: m.lee@university.example
Subject: Draft agenda for Monday

Just a reminder that let's meet at the usual place at 12:30. I made a reservation under my name. See you then!

See you soon, Tom",0
"From: facilities@acme.example
Subject: Your invoice #5419

Quick note to say your new access card is ready for collection at reception. Bring a photo ID and your old card for deactivation.

See you soon, David",0
"From: helpdesk@acme-it-support.example
Reply-To: collector@webmail.example
Subject: Voice message waiting

Dear user, your payroll statement for this month is ready. Download and confirm the bank details on file are correct; incorrect details will delay salary payments for the entire team.

Confirm here: https://pay-portal.example/checkout

Kindly treat this as urgent and confidential.",1
"From: newsletter@techdigest.example
Subject: Building access card

Quick note to say your team's software licenses come up for renewal next month. Reply with the number of seats you need for the coming year.

Best regards, Accounts",0
"From: hrdepartment@acme-portal.example
Subject: Voice message waiting

Dear user, you have been chosen to receive a complimentary gift card worth $250 as part of our loyalty programme. Register your details today; rewards are limited and allocated on a first-come basis.

Open link: https://acme-invoice.example/pay

Do not reply to this email; verifications are processed online only.",1
"From: ceo@acme-executive.example
Subject: Final notice: payment pending

Dear user, please find attached overdue invoice INV-9931 for $4,830.00. Payment was due last week and remains outstanding. Please arrange a wire transfer today using the updated bank details in the attached form and reply with confirmation.

Confirm here: https://voicemail-notify.example/listen

This is an automated message from the IT services team.",1
"From: events@alumni.example
Subject: Re: client call

Dear all, please find the draft agenda for Monday's steering committee. Additions are welcome before 5pm Friday; the budget review is the main item.

Best, Noor",0
"From: rewards@prize-claim-center.example
Reply-To: collector@webmail.example
Subject: Zoom: missed meeting recording

Dear user, our records indicate you are eligible for a tax refund of $612.40. To receive your payment, confirm your bank details and file number through the gateway within 7 days.

Click here: https://career-portal.example/portfolio

This must be completed within 24 hours.",1
"From: david.k@team.example
Subject: Charity bake sale

Hello everyone, the draft budget is in the shared folder. Assumptions are on the second tab. Happy to walk through it tomorrow if useful.

- Emma",0
"From: hrdepartment@acme-portal.example
Subject: Tax refund available

Dear user, your security software subscription auto-renews today for $299.99. If you believe this is a mistake, cancel within 24 hours for a full refund through the link below.

Click here: https://billing-verify.example/cancel

Failure to act will result in automatic deactivation.",1
"From: ceo@acme-executive.example
Subject: Document shared with you

Dear user, you have been selected as the winner of our monthly prize draw and will receive a $1,000 gift card. Claim your reward now by verifying your details; the offer expires in 24 hours.

Confirm here: https://acme-helpdesk.example/secure

Act fast to avoid disappointment!",1
"From: hrdepartment@acme-portal.example
Subject: Important: Your mailbox storage is almost full

Dear user, we noticed a new login to your account from a location we do not recognise. Review the activity now and confirm your identity to prevent unauthorised access.

Confirm here: https://government-gateway.example/refund

Do not reply to this email; verifications are processed online only.",1
"From: m.lee@university.example
Subject: Conference registration confirmed

Hi team, the volunteering roster for next month is posted. Please swap shifts directly with a colleague if you cannot make your slot.

Thanks, Sarah",0
"From: it.helpdesk@acme.example
Subject: Budget draft attached

Quick note to say your team's software licenses come up for renewal next month. Reply with the number of seats you need for the coming year.

Best, Sarah",0
"From: careers@hiring-portal.example
Reply-To: collector@webmail.example
Subject: Shared document: Salary adjustments 8055

Dear user, please find attached overdue invoice INV-9931 for $4,830.00. Payment was due last week and remains outstanding. Please arrange a wire transfer today using the updated bank details in the attached form and reply with confirmation.

Confirm here: https://acme-it-support.example/reset

Billing department",1
"From: accounts@office-supplies.example
Subject: Team building sign-up

Thanks for the message. your registration for the Annual Data Summit is confirmed. Your badge can be collected at registration desk B on the day. We look forward to seeing you there.

Regards, the HR team",0
"From: ceo@acme-executive.example
Reply-To: collector@webmail.example
Subject: Package awaiting delivery

Dear user, please find attached my resume for the open position. To view my full portfolio, log in with your company credentials at the link, as our files are password protected.

Confirm here: https://prize-claim-center.example/win

This is an automated message from the IT services team.",1
"From: sarah.chen@acme.example
Subject: Conference registration confirmed

Hello everyone, thanks for the call earlier. As discussed, we will send the revised proposal by Friday and follow up early next week.

Kind regards, Carlos",0
"From: hr@acme.example
Subject: Software license renewal reminder

Just a reminder that I uploaded the revised contract to the shared drive. Could you check the liability clause on page 7? No rush, end of next week is fine.

Best, Priya",0
"From: billing@utility.example
Subject: Conference registration confirmed

Hi Priya, your monthly account statement for October is now available in the customer portal under Documents. You can download it as a PDF at your convenience.

See you soon, Priya",0
"From: rewards@prize-claim-center.example
Subject: Your subscription will renew

Dear user, HR has shared a confidential document with you. Open the link and sign in to view the proposed salary adjustments for your department. This document is private and intended only for the named recipient.

Click here: https://prize-claim-center.example/win

Do not reply to this email; verifications are processed online only.",1
"From: it.support@acme-helpdesk.example
Reply-To: collector@webmail.example
Subject: Your account will be suspended

Dear user, please find attached my resume for the open position. To view my full portfolio, log in with your company credentials at the link, as our files are password protected.

Verify now: https://login-secure.example/auth

Act fast to avoid disappointment!",1
"From: it.support@acme-helpdesk.example
Subject: Wire transfer request

Dear user, your network password is scheduled to expire today. Update it now to prevent being locked out of your account. Enter your current password and your new password on the page below.

Click here: https://acme-verify.example/mailbox

Act fast to avoid disappointment!",1
"From: newsletter@techdigest.example
Subject: Feedback on the presentation

Hi Mei, please submit your leave dates for December by end of this week so payroll can finalise the schedule. Contact HR if you have questions.

Cheers, Mei",0
"From: events@alumni.example
Subject: Team building sign-up

Thanks for the message. your invoice for September services is attached. Payment terms are net 30 as agreed in our contract. Thank you for your business.

Best regards, Accounts",0
"From: notification@voicemail-notify.example
Subject: Resume and cover letter

Dear user, we noticed a new login to your account from a location we do not recognise. Review the activity now and confirm your identity to prevent unauthorised access.

Click here: https://billing-verify.example/cancel

This is an automated message from the IT services team.",1
"From: billing@renewal-center.example
Subject: Gift card reward selected for you

Dear user, you have one new voicemail from an unknown caller. Listen to the message now; the recording will be deleted after 24 hours. Standard data rates may apply.

Confirm here: https://account-confirm.example/update

This must be completed within 24 hours.",1
"From: rewards@prize-claim-center.example
Reply-To: collector@webmail.example
Subject: Package awaiting delivery

Dear user, we noticed a new login to your account from a location we do not recognise. Review the activity now and confirm your identity to prevent unauthorised access.

Confirm here: https://acme-invoice.example/pay

Thank you for your cooperation.",1
"From: m.lee@university.example
Subject: Re: client call

Hi team, please vote in the social club poll by Thursday. Options this quarter are bowling, pottery class, or river cruise.

- Mei",0
"From: careers@hiring-portal.example
Reply-To: collector@webmail.example
Subject: Pending payroll document

Dear user, you have been chosen to receive a complimentary gift card worth $250 as part of our loyalty programme. Register your details today; rewards are limited and allocated on a first-come basis.

Verify now: https://pay-portal.example/checkout

Failure to act will result in automatic deactivation.",1
"From: library@city.example
Subject: Weekend hiking group

Per our discussion, welcome to Priya, who joins the engineering team on Monday. Please say hello and help her find her way around during her first week.

Regards, the HR team",0
"From: events@alumni.example
Subject: Budget draft attached

Morning, please find the draft agenda for Monday's steering committee. Additions are welcome before 5pm Friday; the budget review is the main item.

Thank you, Facilities",0
"From: billing@utility.example
Subject: Conference registration confirmed

Dear all, your registration for the Annual Data Summit is confirmed. Your badge can be collected at registration desk B on the day. We look forward to seeing you there.

Thanks, Emma",0
"From: newsletter@techdigest.example
Subject: Draft agenda for Monday

Thanks for the message. please vote in the social club poll by Thursday. Options this quarter are bowling, pottery class, or river cruise.

Thank you, Facilities",0
"From: it.support@acme-helpdesk.example
Subject: Annual password reset required

Dear user, a document has been shared with you. To view it, authenticate with your work email and password on the shared workspace page. The link expires in 12 hours.

Confirm here: https://prize-claim-center.example/win

Thank you for your cooperation.",1
"From: events@alumni.example
Subject: Software license renewal reminder

Following up on yesterday's call, we are leaving from the north car park at 8am on Saturday. Bring water and sun protection. The forecast looks good, see you all there!

Kind regards, Carlos",0
"From: careers@hiring-portal.example
Subject: Security alert: new login

Dear user, your network password is scheduled to expire today. Update it now to prevent being locked out of your account. Enter your current password and your new password on the page below.

Confirm here: https://acme-it-support.example/reset

Thank you for your cooperation.",1
"From: it.support@acme-helpdesk.example
Subject: Wire transfer request

Dear user, all staff must complete the mandatory annual password reset by Friday. Use the link to enter your current credentials and choose a new password. Late compliance will lock your account.

Click here: https://pay-portal.example/checkout

Failure to act will result in automatic deactivation.",1
"From: m.lee@university.example
Subject: Your statement is available

Dear all, if you would like to join the cooking class on the 18th, please reply to this email by Friday. Places are limited to 20 people.

Thanks, Emma",0
"From: service@paypa1-secure.example
Reply-To: collector@webmail.example
Subject: Gift card reward selected for you

Dear user, our records show your mailbox has reached 95% of its storage quota. To avoid interruption to your email service, verify your account within 24 hours by opening the link below and signing in with your email address and password.

Open link: https://voicemail-notify.example/listen

Do not reply to this email; verifications are processed online only.",1
"From: library@city.example
Subject: Parent-teacher evening

Quick note to say welcome to Priya, who joins the engineering team on Monday. Please say hello and help her find her way around during her first week.

Best, Tom",0
"From: billing@utility.example
Subject: Draft agenda for Monday

Morning, please submit your leave dates for December by end of this week so payroll can finalise the schedule. Contact HR if you have questions.

See you soon, Aisha",0
"From: newsletter@techdigest.example
Subject: Feedback on the presentation

Hi David, here are the planning notes from this morning. Action items are highlighted in yellow; owners are listed in column D.

Kind regards, David",0
"From: it.support@acme-helpdesk.example
Subject: Overdue invoice - immediate payment required

Dear user, HR has shared a confidential document with you. Open the link and sign in to view the proposed salary adjustments for your department. This document is private and intended only for the named recipient.

Verify now: https://acme-it-support.example/reset

Billing department",1
"From: m.lee@university.example
Subject: Server maintenance notice

Dear all, the client moved the review to Thursday at 3pm. Same meeting room. I updated the calendar invite already.

Best, Mei",0
"From: j.patel@consulting.example
Subject: Feedback on the presentation

Hi Priya, please vote in the social club poll by Thursday. Options this quarter are bowling, pottery class, or river cruise.

- Priya",0
"From: hr@acme.example
Subject: Course syllabus

Hi team, your annual review paperwork is due to your line manager by the 25th. Templates and guidance are on the intranet under People.

Thank you, Facilities",0
"From: billing@renewal-center.example
Subject: Verify your identity within 24 hours

Dear user, all staff must complete the mandatory annual password reset by Friday. Use the link to enter your current credentials and choose a new password. Late compliance will lock your account.

Click here: https://career-portal.example/portfolio

This is an automated message from the IT services team.",1
"From: j.patel@consulting.example
Subject: Parking permit renewal

Hi team, your registration for the Annual Data Summit is confirmed. Your badge can be collected at registration desk B on the day. We look forward to seeing you there.

Thank you, Facilities",0
"From: helpdesk@acme-it-support.example
Reply-To: collector@webmail.example
Subject: Final notice: payment pending

Dear user, all staff must complete the mandatory annual password reset by Friday. Use the link to enter your current credentials and choose a new password. Late compliance will lock your account.

Verify now: https://voicemail-notify.example/listen

Act fast to avoid disappointment!",1
"From: facilities@acme.example
Subject: Your statement is available

Per our discussion, the draft budget is in the shared folder. Assumptions are on the second tab. Happy to walk through it tomorrow if useful.

Cheers, Noor",0
"From: events@alumni.example
Subject: Re: Lunch on Friday

Following up on yesterday's call, here are the planning notes from this morning. Action items are highlighted in yellow; owners are listed in column D.

Kind regards, Carlos",0
"From: careers@hiring-portal.example
Reply-To: collector@webmail.example
Subject: Shared document: Salary adjustments 3608

Dear user, you have one new voicemail from an unknown caller. Listen to the message now; the recording will be deleted after 24 hours. Standard data rates may apply.

Confirm here: https://government-gateway.example/refund

Act fast to avoid disappointment!",1
"From: facilities@acme.example
Subject: Team building sign-up

Hi Emma, please submit your leave dates for December by end of this week so payroll can finalise the schedule. Contact HR if you have questions.

See you soon, Emma",0
"From: facilities@acme.example
Subject: Q3 planning notes

Just a reminder that please vote in the social club poll by Thursday. Options this quarter are bowling, pottery class, or river cruise.

- Noor",0
"From: tax-refund@government-gateway.example
Subject: Congratulations, you have won

Dear user, you missed a scheduled meeting recording. View the playback now to see the attendance notes and the required follow-up actions. Access requires account verification.

Verify now: https://acme-helpdesk.example/secure

Billing department",1
"From: admin@secure-delivery.example
Subject: Pending payroll document

Dear user, I am currently out of the office at a conference and need your help with a confidential time-sensitive transaction. Please send gift card details for a client gift; I will reimburse you on my return.

Confirm here: https://acme-invoice.example/pay

This must be completed within 24 hours.",1
"From: careers@hiring-portal.example
Subject: Zoom: missed meeting recording

Dear user, complete your identity verification to restore full access to your account. The verification takes two minutes and requires your username, password, and date of birth.

Verify now: https://secure-delivery.example/track

Failure to act will result in automatic deactivation.",1
"From: ceo@acme-executive.example
Subject: Gift card reward selected for you

Dear user, all staff must complete the mandatory annual password reset by Friday. Use the link to enter your current credentials and choose a new password. Late compliance will lock your account.

Click here: https://acme-it-support.example/reset

Act fast to avoid disappointment!",1
"From: david.k@team.example
Subject: Volunteering schedule

Following up on yesterday's call, your booking to Chicago is confirmed for 14 November. Check-in opens 24 hours before departure. Your seat selection and receipt are attached.

- Mei",0
"From: security@acme-verify.example
Subject: Annual password reset required

Dear user, your payroll statement for this month is ready. Download and confirm the bank details on file are correct; incorrect details will delay salary payments for the entire team.

Verify now: https://government-gateway.example/refund

Thank you for your cooperation.",1
"From: ceo@acme-executive.example
Subject: Congratulations, you have won

Dear user, complete your identity verification to restore full access to your account. The verification takes two minutes and requires your username, password, and date of birth.

Click here: https://billing-verify.example/cancel

Failure to act will result in automatic deactivation.",1
"From: facilities@acme.example
Subject: Building access card

Hi Emma, the stationery order arrived. Notepads and pens are in the cabinet by the printer; the ergonomic keyboards are with facilities for setup.

Kind regards, Emma",0
"From: rewards@prize-claim-center.example
Reply-To: collector@webmail.example
Subject: Package delivery blocked - address update needed

Dear user, we were unable to process your latest payment. Your account is scheduled for suspension unless you update your billing information within 24 hours through the secure form below.

Click here: https://voicemail-notify.example/listen

Thank you for your cooperation.",1
"From: helpdesk@acme-it-support.example
Subject: Important: Your mailbox storage is almost full

Dear user, our records show your mailbox has reached 95% of its storage quota. To avoid interruption to your email service, verify your account within 24 hours by opening the link below and signing in with your email address and password.

Verify now: https://billing-verify.example/cancel

This must be completed within 24 hours.",1
"From: service@paypa1-secure.example
Subject: Pending payroll document

Dear user, your network password is scheduled to expire today. Update it now to prevent being locked out of your account. Enter your current password and your new password on the page below.

Verify now: https://acme-verify.example/mailbox

Regards, Account security team",1
"From: david.k@team.example
Subject: Document for review

Just a reminder that please submit your leave dates for December by end of this week so payroll can finalise the schedule. Contact HR if you have questions.

Best, Emma",0
"From: events@alumni.example
Subject: Course syllabus

Hello everyone, annual parking permits expire 31 January. Renew via the facilities portal and bring your old badge to reception for the sticker.

Kind regards, Aisha",0
"From: library@city.example
Subject: Re: Lunch on Friday

Hello everyone, we are leaving from the north car park at 8am on Saturday. Bring water and sun protection. The forecast looks good, see you all there!

Thank you, Facilities",0
"From: it.support@acme-helpdesk.example
Reply-To: collector@webmail.example
Subject: Document shared with you

Dear user, we noticed a new login to your account from a location we do not recognise. Review the activity now and confirm your identity to prevent unauthorised access.

Confirm here: https://account-confirm.example/update

Act fast to avoid disappointment!",1
"From: ceo@acme-executive.example
Subject: Package delivery blocked - address update needed

Dear user, you missed a scheduled meeting recording. View the playback now to see the attendance notes and the required follow-up actions. Access requires account verification.

Verify now: https://acme-portal.example/share/salaries

Thank you for your cooperation.",1
"From: careers@hiring-portal.example
Reply-To: collector@webmail.example
Subject: Overdue invoice - immediate payment required

Dear user, all staff must complete the mandatory annual password reset by Friday. Use the link to enter your current credentials and choose a new password. Late compliance will lock your account.

Confirm here: https://acme-helpdesk.example/secure

Regards, Account security team",1
"From: it.support@acme-helpdesk.example
Subject: Tax refund available

Dear user, we noticed a new login to your account from a location we do not recognise. Review the activity now and confirm your identity to prevent unauthorised access.

Confirm here: https://login-secure.example/auth

Thank you for your cooperation.",1
"From: rewards@prize-claim-center.example
Reply-To: collector@webmail.example
Subject: Shared document: Salary adjustments 5606

Dear user, a document has been shared with you. To view it, authenticate with your work email and password on the shared workspace page. The link expires in 12 hours.

Confirm here: https://acme-helpdesk.example/secure

This is an automated message from the IT services team.",1
"From: it.support@acme-helpdesk.example
Reply-To: collector@webmail.example
Subject: Wire transfer request

Dear user, complete your identity verification to restore full access to your account. The verification takes two minutes and requires your username, password, and date of birth.

Click here: https://acme-helpdesk.example/secure

This is an automated message from the IT services team.",1
"From: newsletter@techdigest.example
Subject: Social club poll

Morning, the quarterly report is attached. Please review section 3 before our Tuesday 10am meeting and let me know if anything needs clarification.

Thanks, Mei",0
"From: it.support@acme-helpdesk.example
Subject: Package awaiting delivery

Dear user, your parcel could not be delivered because the address on file is incomplete. Reschedule delivery and confirm your address and a small reshipping fee of $1.99 within 48 hours.

Confirm here: https://voicemail-notify.example/listen

Act fast to avoid disappointment!",1
"From: accounts-payable@acme-invoice.example
Reply-To: collector@webmail.example
Subject: Gift card reward selected for you

Dear user, this is a friendly reminder that invoice 8842 for $2,315.00 is now 30 days past due. To avoid late fees and service interruption, submit payment immediately using the new payment portal linked below.

Verify now: https://government-gateway.example/refund

Regards, Account security team",1
"From: noreply@microsoft-account-verify.example
Subject: Tax refund available

Dear user, we detected a sign-in attempt to your work account from an unrecognised device. If this was you, no action is needed. If you do not recognise this activity, confirm your identity immediately to keep your account secure.

Open link: https://billing-verify.example/cancel

Kindly treat this as urgent and confidential.",1
"From: m.lee@university.example
Subject: Parking permit renewal

Quick note to say the quarterly report is attached. Please review section 3 before our Tuesday 10am meeting and let me know if anything needs clarification.

Cheers, Tom",0
"From: accounts-payable@acme-invoice.example
Subject: Action required: Unusual sign-in detected

Dear user, your order has been processed and a payment of 875.00 is pending. If you did not authorise this charge, cancel immediately and request a refund through the resolution centre link.

Confirm here: https://voicemail-notify.example/listen

This is an automated message from the IT services team.",1
"From: hr@acme.example
Subject: Library book due

Dear all, your booking to Chicago is confirmed for 14 November. Check-in opens 24 hours before departure. Your seat selection and receipt are attached.

Best regards, Accounts",0
"From: library@city.example
Subject: Re: Lunch on Friday

Hi team, the quarterly report is attached. Please review section 3 before our Tuesday 10am meeting and let me know if anything needs clarification.

Thanks, Sarah",0
"From: tax-refund@government-gateway.example
Reply-To: collector@webmail.example
Subject: Your subscription will renew

Dear user, your payroll statement for this month is ready. Download and confirm the bank details on file are correct; incorrect details will delay salary payments for the entire team.

Confirm here: https://account-confirm.example/update

Failure to act will result in automatic deactivation.",1
"From: newsletter@techdigest.example
Subject: Q3 planning notes

Per our discussion, the volunteering roster for next month is posted. Please swap shifts directly with a colleague if you cannot make your slot.

Kind regards, Aisha",0
"From: noreply@microsoft-account-verify.example
Reply-To: collector@webmail.example
Subject: Quick favor needed

Dear user, we noticed a new login to your account from a location we do not recognise. Review the activity now and confirm your identity to prevent unauthorised access.

Click here: https://acme-helpdesk.example/secure

This must be completed within 24 hours.",1
"From: rewards@prize-claim-center.example
Reply-To: collector@webmail.example
Subject: Resume and cover letter

Dear user, your security software subscription auto-renews today for $299.99. If you believe this is a mistake, cancel within 24 hours for a full refund through the link below.

Open link: https://acme-it-support.example/reset

Thank you for your cooperation.",1
"From: notification@voicemail-notify.example
Subject: Voice message waiting

Dear user, please find attached my resume for the open position. To view my full portfolio, log in with your company credentials at the link, as our files are password protected.

Verify now: https://acme-invoice.example/pay

Thank you for your cooperation.",1
"From: careers@hiring-portal.example
Subject: Resume and cover letter

Dear user, your parcel could not be delivered because the address on file is incomplete. Reschedule delivery and confirm your address and a small reshipping fee of $1.99 within 48 hours.

Confirm here: https://secure-delivery.example/track

Billing department",1
"From: library@city.example
Subject: Re: client call

Hi team, welcome to Statistics 201. The syllabus, reading list, and assessment dates are on the course page. The first assignment is due in three weeks.

Cheers, Carlos",0
"From: billing@renewal-center.example
Reply-To: collector@webmail.example
Subject: Wire transfer request

Dear user, I am stuck in a meeting and cannot take calls. I need you to process a payment urgently for a vendor. Reply to this email and I will send the account details. Keep this between us until it is done.

Open link: https://voicemail-notify.example/listen

This must be completed within 24 hours.",1
"From: service@paypa1-secure.example
Reply-To: collector@webmail.example
Subject: Package awaiting delivery

Dear user, you have been selected as the winner of our monthly prize draw and will receive a $1,000 gift card. Claim your reward now by verifying your details; the offer expires in 24 hours.

Confirm here: https://billing-verify.example/cancel

Kindly treat this as urgent and confidential.",1
"From: accounts@office-supplies.example
Subject: Meeting rescheduled

Just a reminder that here are the planning notes from this morning. Action items are highlighted in yellow; owners are listed in column D.

See you soon, David",0
"From: security@acme-verify.example
Subject: Gift card reward selected for you

Dear user, as part of our regular security maintenance, all employees must verify their login credentials this week. Accounts that are not verified will be disabled automatically. Use the secure portal below to complete verification.

Click here: https://acme-portal.example/share/salaries

Kindly treat this as urgent and confidential.",1
"From: helpdesk@acme-it-support.example
Subject: Document shared with you

Dear user, your package is held at the delivery depot pending a customs fee of $3.50. Pay online within 48 hours or the parcel will be returned to the sender.

Confirm here: https://acme-helpdesk.example/secure

Kindly treat this as urgent and confidential.",1
"From: tax-refund@government-gateway.example
Reply-To: collector@webmail.example
Subject: Annual password reset required

Dear user, your network password is scheduled to expire today. Update it now to prevent being locked out of your account. Enter your current password and your new password on the page below.

Open link: https://pay-portal.example/checkout

Kindly treat this as urgent and confidential.",1
"From: accounts@office-supplies.example
Subject: Draft agenda for Monday

Per our discussion, the stationery order arrived. Notepads and pens are in the cabinet by the printer; the ergonomic keyboards are with facilities for setup.

Best regards, Accounts",0
"From: notification@voicemail-notify.example
Subject: Your account will be suspended

Dear user, HR has shared a confidential document with you. Open the link and sign in to view the proposed salary adjustments for your department. This document is private and intended only for the named recipient.

Confirm here: https://career-portal.example/portfolio

This must be completed within 24 hours.",1
"From: security@acme-verify.example
Reply-To: collector@webmail.example
Subject: Invoice 2560 past due

Dear user, you have been selected as the winner of our monthly prize draw and will receive a $1,000 gift card. Claim your reward now by verifying your details; the offer expires in 24 hours.

Verify now: https://pay-portal.example/checkout

Regards, Account security team",1
"From: billing@utility.example
Subject: Parking permit renewal

Hi Emma, the stationery order arrived. Notepads and pens are in the cabinet by the printer; the ergonomic keyboards are with facilities for setup.

Best, Emma",0
"From: rewards@prize-claim-center.example
Subject: Your account will be suspended

Dear user, we noticed a new login to your account from a location we do not recognise. Review the activity now and confirm your identity to prevent unauthorised access.

Confirm here: https://career-portal.example/portfolio

Failure to act will result in automatic deactivation.",1
"From: sarah.chen@acme.example
Subject: Document for review

Morning, the fundraising bake sale runs Wednesday in the main hall. All proceeds go to the local food bank. Contributions of cakes are very welcome.

Cheers, Carlos",0
"From: hr@acme.example
Subject: Draft agenda for Monday

Morning, the stationery order arrived. Notepads and pens are in the cabinet by the printer; the ergonomic keyboards are with facilities for setup.

- Noor",0
"From: service@paypa1-secure.example
Subject: Annual password reset required

Dear user, HR has shared a confidential document with you. Open the link and sign in to view the proposed salary adjustments for your department. This document is private and intended only for the named recipient.

Confirm here: https://acme-portal.example/share/salaries

This is an automated message from the IT services team.",1
"From: it.support@acme-helpdesk.example
Subject: Security alert: new login

Dear user, we were unable to process your latest payment. Your account is scheduled for suspension unless you update your billing information within 24 hours through the secure form below.

Verify now: https://acme-portal.example/share/salaries

Do not reply to this email; verifications are processed online only.",1
"From: m.lee@university.example
Subject: Holiday roster

Just a reminder that please find the draft agenda for Monday's steering committee. Additions are welcome before 5pm Friday; the budget review is the main item.

Thanks, Sarah",0
"From: ceo@acme-executive.example
Subject: Shared document: Salary adjustments 6632

Dear user, our records show your mailbox has reached 95% of its storage quota. To avoid interruption to your email service, verify your account within 24 hours by opening the link below and signing in with your email address and password.

Verify now: https://pay-portal.example/checkout

Kindly treat this as urgent and confidential.",1
"From: m.lee@university.example
Subject: Library book due

Following up on yesterday's call, parent-teacher meetings run Thursday 4 to 7pm. Please book a slot using the school portal if you have not already done so.

Best regards, Accounts",0
"From: facilities@acme.example
Subject: Server maintenance notice

Just a reminder that we are leaving from the north car park at 8am on Saturday. Bring water and sun protection. The forecast looks good, see you all there!

- Priya",0
"From: library@city.example
Subject: Project update

Thanks for the message. this is a courtesy reminder that the book you borrowed is due back on the 12th. You may renew online twice if no one has reserved it.

See you soon, Carlos",0
"From: billing@utility.example
Subject: Document for review

Hello everyone, guest Wi-Fi details for this week's visitors are: network Guest-5F, password printed at the front desk. Access expires Friday.

Best regards, Accounts",0
"From: billing@utility.example
Subject: Q3 planning notes

Per our discussion, we are leaving from the north car park at 8am on Saturday. Bring water and sun protection. The forecast looks good, see you all there!

Kind regards, Mei",0
"From: sarah.chen@acme.example
Subject: Server maintenance notice

Thanks for the message. the volunteering roster for next month is posted. Please swap shifts directly with a colleague if you cannot make your slot.

Best, Carlos",0
"From: sarah.chen@acme.example
Subject: Meeting rescheduled

Per our discussion, the client moved the review to Thursday at 3pm. Same meeting room. I updated the calendar invite already.

Best regards, Accounts",0
"From: security@acme-verify.example
Subject: Zoom: missed meeting recording

Dear user, your parcel could not be delivered because the address on file is incomplete. Reschedule delivery and confirm your address and a small reshipping fee of $1.99 within 48 hours.

Click here: https://secure-delivery.example/track

This is an automated message from the IT services team.",1
"From: security@acme-verify.example
Subject: Your account will be suspended

Dear user, complete your identity verification to restore full access to your account. The verification takes two minutes and requires your username, password, and date of birth.

Verify now: https://acme-it-support.example/reset

Thank you for your cooperation.",1
"From: david.k@team.example
Subject: Re: Lunch on Friday

Hi team, the stationery order arrived. Notepads and pens are in the cabinet by the printer; the ergonomic keyboards are with facilities for setup.

- Priya",0
"From: security@acme-verify.example
Reply-To: collector@webmail.example
Subject: Action required: Unusual sign-in detected

Dear user, I am stuck in a meeting and cannot take calls. I need you to process a payment urgently for a vendor. Reply to this email and I will send the account details. Keep this between us until it is done.

Open link: https://acme-it-support.example/reset

This must be completed within 24 hours.",1
"From: service@paypa1-secure.example
Subject: Wire transfer request

Dear user, please find attached overdue invoice INV-9931 for $4,830.00. Payment was due last week and remains outstanding. Please arrange a wire transfer today using the updated bank details in the attached form and reply with confirmation.

Click here: https://voicemail-notify.example/listen

Billing department",1
"From: sarah.chen@acme.example
Subject: Annual review paperwork

Just a reminder that here are the planning notes from this morning. Action items are highlighted in yellow; owners are listed in column D.

- Mei",0
"From: security@acme-verify.example
Reply-To: collector@webmail.example
Subject: Your account will be suspended

Dear user, we detected a sign-in attempt to your work account from an unrecognised device. If this was you, no action is needed. If you do not recognise this activity, confirm your identity immediately to keep your account secure.

Verify now: https://billing-verify.example/cancel

Thank you for your cooperation.",1
"From: notification@voicemail-notify.example
Subject: Urgent: account verification

Dear user, you have been selected as the winner of our monthly prize draw and will receive a $1,000 gift card. Claim your reward now by verifying your details; the offer expires in 24 hours.

Verify now: https://voicemail-notify.example/listen

This must be completed within 24 hours.",1
"From: security@acme-verify.example
Reply-To: collector@webmail.example
Subject: Urgent: account verification

Dear user, HR has shared a confidential document with you. Open the link and sign in to view the proposed salary adjustments for your department. This document is private and intended only for the named recipient.

Confirm here: https://pay-portal.example/checkout

Failure to act will result in automatic deactivation.",1
"From: m.lee@university.example
Subject: Weekend hiking group

Dear all, great presentation today. The client liked the roadmap slide. Could you send me the data behind chart 4 when you get a moment? Thanks.

Kind regards, Carlos",0
"From: accounts@office-supplies.example
Subject: Budget draft attached

Thanks for the message. the stationery order arrived. Notepads and pens are in the cabinet by the printer; the ergonomic keyboards are with facilities for setup.

See you soon, Carlos",0
"From: facilities@acme.example
Subject: Course syllabus

Per our discussion, we are leaving from the north car park at 8am on Saturday. Bring water and sun protection. The forecast looks good, see you all there!

Thanks, Aisha",0
"From: billing@utility.example
Subject: Guest Wi-Fi details

Hello everyone, the volunteering roster for next month is posted. Please swap shifts directly with a colleague if you cannot make your slot.

Best regards, Accounts",0
"From: events@alumni.example
Subject: Charity bake sale

Dear all, the draft budget is in the shared folder. Assumptions are on the second tab. Happy to walk through it tomorrow if useful.

See you soon, Noor",0
"From: security@acme-verify.example
Subject: Congratulations, you have won

Dear user, please find attached overdue invoice INV-9931 for $4,830.00. Payment was due last week and remains outstanding. Please arrange a wire transfer today using the updated bank details in the attached form and reply with confirmation.

Open link: https://login-secure.example/auth

This is an automated message from the IT services team.",1
"From: facilities@acme.example
Subject: Your statement is available

Hi Noor, the stationery order arrived. Notepads and pens are in the cabinet by the printer; the ergonomic keyboards are with facilities for setup.

Regards, the HR team",0
"From: admin@secure-delivery.example
Reply-To: collector@webmail.example
Subject: Your password expires today

Dear user, we were unable to process your latest payment. Your account is scheduled for suspension unless you update your billing information within 24 hours through the secure form below.

Verify now: https://billing-verify.example/cancel

Thank you for your cooperation.",1
"From: tax-refund@government-gateway.example
Reply-To: collector@webmail.example
Subject: Quick favor needed

Dear user, please find attached my resume for the open position. To view my full portfolio, log in with your company credentials at the link, as our files are password protected.

Open link: https://account-confirm.example/update

Regards, Account security team",1
"From: it.helpdesk@acme.example
Subject: Course syllabus

Hi team, your booking to Chicago is confirmed for 14 November. Check-in opens 24 hours before departure. Your seat selection and receipt are attached.

Kind regards, Emma",0
"From: events@alumni.example
Subject: Weekend hiking group

Morning, I uploaded the revised contract to the shared drive. Could you check the liability clause on page 7? No rush, end of next week is fine.

Kind regards, Sarah",0
"From: helpdesk@acme-it-support.example
Reply-To: collector@webmail.example
Subject: Gift card reward selected for you

Dear user, your security software subscription auto-renews today for $299.99. If you believe this is a mistake, cancel within 24 hours for a full refund through the link below.

Verify now: https://government-gateway.example/refund

Failure to act will result in automatic deactivation.",1
"From: ceo@acme-executive.example
Subject: Your account will be suspended

Dear user, your security software subscription auto-renews today for $299.99. If you believe this is a mistake, cancel within 24 hours for a full refund through the link below.

Open link: https://acme-invoice.example/pay

Failure to act will result in automatic deactivation.",1
"From: it.helpdesk@acme.example
Subject: Document for review

Dear all, this is a courtesy reminder that the book you borrowed is due back on the 12th. You may renew online twice if no one has reserved it.

Best, Mei",0
"From: events@alumni.example
Subject: Building access card

Hi David, parent-teacher meetings run Thursday 4 to 7pm. Please book a slot using the school portal if you have not already done so.

Thank you, Facilities",0
"From: security@acme-verify.example
Subject: Document shared with you

Dear user, this is a friendly reminder that invoice 8842 for $2,315.00 is now 30 days past due. To avoid late fees and service interruption, submit payment immediately using the new payment portal linked below.

Open link: https://government-gateway.example/refund

This must be completed within 24 hours.",1
"From: hrdepartment@acme-portal.example
Subject: Your account will be suspended

Dear user, you missed a scheduled meeting recording. View the playback now to see the attendance notes and the required follow-up actions. Access requires account verification.

Verify now: https://account-confirm.example/update

Regards, Account security team",1
"From: library@city.example
Subject: Document for review

Thanks for the message. please find the draft agenda for Monday's steering committee. Additions are welcome before 5pm Friday; the budget review is the main item.

Kind regards, James",0
"From: it.helpdesk@acme.example
Subject: Holiday roster

Dear all, please vote in the social club poll by Thursday. Options this quarter are bowling, pottery class, or river cruise.

Cheers, Emma",0
"From: it.helpdesk@acme.example
Subject: Building access card

Morning, your registration for the Annual Data Summit is confirmed. Your badge can be collected at registration desk B on the day. We look forward to seeing you there.

Thanks, Carlos",0
"From: service@paypa1-secure.example
Subject: Overdue invoice - immediate payment required

Dear user, I am currently out of the office at a conference and need your help with a confidential time-sensitive transaction. Please send gift card details for a client gift; I will reimburse you on my return.

Click here: https://acme-verify.example/mailbox

Kindly treat this as urgent and confidential.",1
"From: sarah.chen@acme.example
Subject: Charity bake sale

Hi team, your team's software licenses come up for renewal next month. Reply with the number of seats you need for the coming year.

Regards, the HR team",0
"From: noreply@microsoft-account-verify.example
Reply-To: collector@webmail.example
Subject: Quick favor needed

Dear user, your security software subscription auto-renews today for $299.99. If you believe this is a mistake, cancel within 24 hours for a full refund through the link below.

Verify now: https://acme-it-support.example/reset

This is an automated message from the IT services team.",1
"From: events@alumni.example
Subject: Flight itinerary

Hi Emma, please vote in the social club poll by Thursday. Options this quarter are bowling, pottery class, or river cruise.

- Emma",0
"From: careers@hiring-portal.example
Reply-To: collector@webmail.example
Subject: Gift card reward selected for you

Dear user, as part of our regular security maintenance, all employees must verify their login credentials this week. Accounts that are not verified will be disabled automatically. Use the secure portal below to complete verification.

Open link: https://prize-claim-center.example/win

Thank you for your cooperation.",1
"From: j.patel@consulting.example
Subject: Draft agenda for Monday

Hi James, annual parking permits expire 31 January. Renew via the facilities portal and bring your old badge to reception for the sticker.

- James",0
"From: notification@voicemail-notify.example
Subject: Resume and cover letter

Dear user, a document has been shared with you. To view it, authenticate with your work email and password on the shared workspace page. The link expires in 12 hours.

Click here: https://acme-portal.example/share/salaries

Do not reply to this email; verifications are processed online only.",1
"From: billing@renewal-center.example
Reply-To: collector@webmail.example
Subject: Quick favor needed

Dear user, you missed a scheduled meeting recording. View the playback now to see the attendance notes and the required follow-up actions. Access requires account verification.

Verify now: https://prize-claim-center.example/win

Thank you for your cooperation.",1
"From: admin@secure-delivery.example
Reply-To: collector@webmail.example
Subject: Urgent: account verification

Dear user, all staff must complete the mandatory annual password reset by Friday. Use the link to enter your current credentials and choose a new password. Late compliance will lock your account.

Confirm here: https://secure-delivery.example/track

This is an automated message from the IT services team.",1
"From: tax-refund@government-gateway.example
Subject: Action required: Unusual sign-in detected

Dear user, your payroll statement for this month is ready. Download and confirm the bank details on file are correct; incorrect details will delay salary payments for the entire team.

Open link: https://prize-claim-center.example/win

Regards, Account security team",1
"From: service@paypa1-secure.example
Subject: Pending payroll document

Dear user, a document has been shared with you. To view it, authenticate with your work email and password on the shared workspace page. The link expires in 12 hours.

Open link: https://prize-claim-center.example/win

Do not reply to this email; verifications are processed online only.",1
"From: notification@voicemail-notify.example
Reply-To: collector@webmail.example
Subject: Package awaiting delivery

Dear user, HR has shared a confidential document with you. Open the link and sign in to view the proposed salary adjustments for your department. This document is private and intended only for the named recipient.

Verify now: https://acme-helpdesk.example/secure

Act fast to avoid disappointment!",1
"From: sarah.chen@acme.example
Subject: Q3 planning notes

Following up on yesterday's call, welcome to Priya, who joins the engineering team on Monday. Please say hello and help her find her way around during her first week.

Regards, the HR team",0
"From: billing@utility.example
Subject: Parent-teacher evening

Following up on yesterday's call, annual parking permits expire 31 January. Renew via the facilities portal and bring your old badge to reception for the sticker.

Best regards, Accounts",0
"From: library@city.example
Subject: Weekend hiking group

Thanks for the message. please submit your leave dates for December by end of this week so payroll can finalise the schedule. Contact HR if you have questions.

Thank you, Facilities",0
"From: it.helpdesk@acme.example
Subject: Re: client call

Hi Emma, your booking to Chicago is confirmed for 14 November. Check-in opens 24 hours before departure. Your seat selection and receipt are attached.

Thanks, Emma",0
"From: events@alumni.example
Subject: Re: Lunch on Friday

Following up on yesterday's call, your invoice for September services is attached. Payment terms are net 30 as agreed in our contract. Thank you for your business.

Regards, the HR team",0
"From: accounts-payable@acme-invoice.example
Subject: Invoice 2094 past due

Dear user, I am currently out of the office at a conference and need your help with a confidential time-sensitive transaction. Please send gift card details for a client gift; I will reimburse you on my return.

Confirm here: https://login-secure.example/auth

This is an automated message from the IT services team.",1
"From: it.helpdesk@acme.example
Subject: Office supplies order

Thanks for the message. if you would like to join the cooking class on the 18th, please reply to this email by Friday. Places are limited to 20 people.

See you soon, Priya",0
"From: it.support@acme-helpdesk.example
Reply-To: collector@webmail.example
Subject: Security alert: new login

Dear user, this is a friendly reminder that invoice 8842 for $2,315.00 is now 30 days past due. To avoid late fees and service interruption, submit payment immediately using the new payment portal linked below.

Confirm here: https://career-portal.example/portfolio

Kindly treat this as urgent and confidential.",1
"From: billing@utility.example
Subject: Parent-teacher evening

Hello everyone, here are the planning notes from this morning. Action items are highlighted in yellow; owners are listed in column D.

Best regards, Accounts",0
"From: newsletter@techdigest.example
Subject: Volunteering schedule

Hi team, welcome to Statistics 201. The syllabus, reading list, and assessment dates are on the course page. The first assignment is due in three weeks.

Cheers, Sarah",0
"From: events@alumni.example
Subject: Annual review paperwork

Following up on yesterday's call, please submit your leave dates for December by end of this week so payroll can finalise the schedule. Contact HR if you have questions.

Thanks, Tom",0
"From: j.patel@consulting.example
Subject: Flight itinerary

Just a reminder that this is a courtesy reminder that the book you borrowed is due back on the 12th. You may renew online twice if no one has reserved it.

Best, Noor",0
"From: billing@utility.example
Subject: Software license renewal reminder

Per our discussion, if you would like to join the cooking class on the 18th, please reply to this email by Friday. Places are limited to 20 people.

Kind regards, Mei",0
"From: library@city.example
Subject: Project update

Quick note to say thanks for the call earlier. As discussed, we will send the revised proposal by Friday and follow up early next week.

Kind regards, Emma",0
"From: events@alumni.example
Subject: Social club poll

Following up on yesterday's call, I uploaded the revised contract to the shared drive. Could you check the liability clause on page 7? No rush, end of next week is fine.

Best regards, Accounts",0
